{
  "seq_len": 32,
  "features": [
    "Press_Time",
    "Release_Time",
    "Hold_Time"
  ],
  "scaler_mean": [
    1737876172.6794932,
    1737876173.3291383,
    0.6496448092125973
  ],
  "scaler_scale": [
    252793.62236568079,
    252793.67009193968,
    10.423053405412515
  ]
}