{
  "precision": 0.7553519553072626,
  "recall": 0.7871914299021892,
  "f1_score": 0.7709430949937279,
  "avg_inference_ms_per_seq": 11.006,
  "storage_onnx_mb": 0.523,
  "storage_checkpoint_mb": 0.526,
  "training_time_seconds": null,
  "smoother_window_k": 5,
  "num_sequences": 1338,
  "seq_len": 32
}