{
  "precision": 0.9118659217877095,
  "recall": 0.9503027480204937,
  "f1_score": 0.9306876496749914
}