{
  "precision": 0.7531737571470104,
  "recall": 0.7253383107792813,
  "f1_score": 0.7389940096985832,
  "avg_inference_ms_per_seq": 0.02145878924074289,
  "storage_onnx_mb": 0.144,
  "storage_checkpoint_mb": 0.148,
  "training_time_seconds": 36.460328340530396,
  "num_sequences": 1338,
  "seq_len": 32
}