Model,precision,training_time_seconds,maintainability_index,inference_time_ms,storage_total_mb,storage_onnx_mb,storage_checkpoint_mb
Transformer,0.9633307520612217,58.93500089645386,56.34,0.07158606128714233,0.602,0.322,0.28
TCN,0.9612361073461643,13.973607778549194,53.05,0.03227130044860729,0.159,0.077,0.082
BiLSTM-CRF,0.7531737571470104,36.460328340530396,54.8,0.02145878924074289,0.292,0.144,0.148
