Model,precision,training_time_seconds,maintainability_index,inference_time_ms,storage_total_mb,storage_onnx_mb,storage_checkpoint_mb
Transformer,0.9684934756820878,54.942352294921875,56.75,0.0723929073226879,0.602,0.322,0.28
TCN,0.8821870955814384,7.072167158126831,53.41,0.027227698057376248,0.159,0.077,0.082
BiLSTM-CRF,0.7604123711340206,17.665967226028442,55.09,0.022475814647967017,0.292,0.144,0.148
