Model,precision,recall,f1_score,avg_inference_ms_per_seq,storage_onnx_mb,storage_checkpoint_mb,training_time_seconds,num_sequences,seq_len,smoother_window_k
TCN,0.5004832512199147,0.9888681881695389,0.6646006479785885,1.683,0.074,0.079,,1338,32,
BiLSTM+CRF,0.7553519553072626,0.7871914299021892,0.7709430949937279,11.006,0.523,0.526,,1338,32,5.0
Transformer,0.9188186749501599,0.9230554261760596,0.9209321777922349,3.286,0.311,0.267,,1338,32,
