{
  "seq_len": 32,
  "features": [
    "Hold_Time",
    "DD",
    "UD"
  ],
  "scaler_mean": [
    0.5067797899246216,
    0.43336284160614014,
    -0.1101425439119339
  ],
  "scaler_scale": [
    3.433746099472046,
    5.1124749183654785,
    3.4822559356689453
  ]
}