{
  "precision": 0.8821870955814384,
  "recall": 0.8890079180251513,
  "f1_score": 0.8855843734050944,
  "avg_inference_ms_per_seq": 0.027227698057376248,
  "storage_onnx_mb": 0.077,
  "storage_checkpoint_mb": 0.082,
  "training_time_seconds": 7.072167158126831,
  "num_sequences": 1338,
  "seq_len": 32
}