{
  "precision": 0.9798201359947357,
  "recall": 0.9695062398263701,
  "f1_score": 0.974635902470954
}