{
  "precision": 0.9612361073461643,
  "recall": 0.9928138124125059,
  "f1_score": 0.9767698099348086,
  "avg_inference_ms_per_seq": 0.03227130044860729,
  "storage_onnx_mb": 0.077,
  "storage_checkpoint_mb": 0.082,
  "training_time_seconds": 13.973607778549194,
  "num_sequences": 1338,
  "seq_len": 32
}
