{
  "precision": 0.9633307520612217,
  "recall": 0.9868408772748484,
  "f1_score": 0.9749441025286403,
  "avg_inference_ms_per_seq": 0.07158606128714233,
  "storage_onnx_mb": 0.322,
  "storage_checkpoint_mb": 0.28,
  "training_time_seconds": 58.93500089645386,
  "num_sequences": 1338,
  "seq_len": 32
}
