{
  "precision": 0.9188186749501599,
  "recall": 0.9230554261760596,
  "f1_score": 0.9209321777922349,
  "avg_inference_ms_per_seq": 3.286,
  "storage_onnx_mb": 0.311,
  "storage_checkpoint_mb": 0.267,
  "training_time_seconds": null,
  "num_sequences": 1338,
  "seq_len": 32
}