{
  "precision": 0.9188186749501599,
  "recall": 0.9230554261760596,
  "f1_score": 0.9209321777922349
}