{
  "precision": 0.9684934756820878,
  "recall": 0.9506753609687937,
  "f1_score": 0.959501704078035,
  "avg_inference_ms_per_seq": 0.0723929073226879,
  "storage_onnx_mb": 0.322,
  "storage_checkpoint_mb": 0.28,
  "training_time_seconds": 54.942352294921875,
  "num_sequences": 1338,
  "seq_len": 32
}