{
  "seq_len": 32,
  "features": ["Hold_Time", "DD", "UD"],
  "scaler_mean": [0.6496448092125973, 0.5394753186789057, 0.39074199472520305],
  "scaler_scale": [10.423053405412517, 1.8426820177951113, 1.8075524871080606]
}
