Frame,Key_Label,Key_Center_X,Key_Center_Y,Finger_ID,Finger_X,Finger_Y,Finger_Z,Distance_To_Key,Finger_Velocity,Wrist_Angle,Hand_Side,Overlap_Ratio,Press_Duration,Correct_Label
1,H,0.568146175166654,0.8608645973768869,Left_Pinky,0.5338924036792411,0.8687988914252932,7.580939788996016e-05,0.03516076833949006,0.050433573499507625,22.133669887665178,Left,0.6483923166050993,0.18714932465638323,0
2,D,0.4446074582917435,0.7714114248925026,Right_Middle,0.41288252234331707,0.7857674601962608,-0.01231887818586249,0.03693673063946818,0.05241549297863658,15.742120423513109,Right,0.6306326936053182,0.1788284694471332,0
3,F,0.6980983564327234,0.500778624512298,Left_Pinky,0.7218471435916747,0.5216680416624793,0.0027654521099277143,0.03174933646184997,0.03400505387572336,21.884176986162966,Left,0.6825066353815004,0.18705611510705583,0
4,Y,0.739028198330487,0.9134513836357434,Right_Ring,0.7445391798852772,0.9136158425027939,-0.03389454814937817,0.034340040166934926,0.02081432341551278,21.524942281442335,Right,0.6565995983306507,0.21668605852771045,1
5,L,0.45851874522758346,0.6840783518740345,Left_Pinky,0.4703077789206917,0.656792281526991,-0.01567117010342433,0.03360203152804175,0.03399381433750051,22.77288318115252,Left,0.6639796847195825,0.1574984491514031,1
6,J,0.6648964511500287,0.7288549399193184,Left_Ring,0.6584330527054129,0.759477051747089,-0.011640167215803174,0.03339135734075828,0.021774126692146786,16.590967242299065,Left,0.6660864265924172,0.13832762442018087,0
7,D,0.5810778709111375,0.7135140880467501,Left_Pinky,0.6104772500632952,0.7061449954247765,-0.005805021358972415,0.030859768203628467,0.056678616429139586,21.111464633498173,Left,0.6914023179637153,0.2095589954896755,1
8,D,0.6475705685700155,0.8365200262134973,Right_Ring,0.6103805523775068,0.8590685516554372,-0.013851615397271998,0.045644282808680575,0.03572451836606255,17.16484402853628,Right,0.5435571719131942,0.20036661096732436,0
9,J,0.5169579530733994,0.7038138230708628,Right_Ring,0.5189454634595085,0.7069503899352044,-0.02491896268854852,0.025194105475341858,0.04720345384798223,17.078595173614865,Right,0.7480589452465815,0.18716485646760708,0
10,F,0.7016952339961037,0.8065060416786388,Right_Ring,0.696698026118532,0.8352895586411497,-0.03381650143416029,0.044688015222757234,0.03802133576294073,20.18217054826041,Right,0.5531198477724277,0.15998716202269853,0
11,D,0.11703476245844252,0.587181164993588,Right_Middle,0.11375165344787322,0.5830967947462025,-0.016047611023734178,0.016881549237616908,0.028774761159480897,15.527262398277742,Right,0.8311845076238309,0.15178162557398137,1
12,Y,0.5387508063833815,0.6967072475967143,Left_Index,0.5614892135892632,0.6746299016134192,-0.041551701464594054,0.05225885822068216,0.03890381638666493,17.575221333335154,Left,0.4774114177931784,0.21082245153222184,0
13,H,0.6164216367583669,0.8434233031194223,Right_Middle,0.5986906509387295,0.878763334918843,0.013237886114242467,0.0416958910984512,0.03711416091387683,22.721670288348008,Right,0.583041089015488,0.15335694263484095,1
14,D,0.3937257126597958,0.8371476384502322,Left_Middle,0.37422534853391576,0.862994319735472,0.03251447983111809,0.04588579881827121,0.0548034596478128,15.501379063714138,Left,0.5411420118172878,0.1930876417460598,1
15,H,0.8090103973559089,0.7984342027582422,Left_Index,0.7995777632310792,0.8413413513974101,-0.0030765435230240695,0.04403933595009817,0.05717685222351715,24.775829342255648,Left,0.5596066404990183,0.14965321462402414,1
16,A,0.6840324447492275,0.7584839929120659,Left_Index,0.708975652743291,0.7515414018484373,0.015618758218343728,0.030237539648505913,0.04701835424040297,18.26204458110892,Left,0.6976246035149409,0.17252803226102953,1
17,I,0.5786977565497511,0.6774237667698022,Right_Pinky,0.57810169920452,0.6905252217001758,0.021122963529154187,0.024863286064102492,0.043065262723979286,19.81553972650193,Right,0.7513671393589751,0.17462174096610322,0
18,Y,0.4668440450687084,0.7779246394505072,Right_Pinky,0.43477628702889576,0.7870029191004755,-0.022342209052200825,0.04012394014095877,0.045677634057134694,18.99233414941408,Right,0.5987605985904123,0.1780599609301206,1
19,U,0.29215487421752967,0.7693512862338799,Right_Pinky,0.28414520694510553,0.7554925359974201,0.0057088118050576675,0.016994418500115998,0.03803904985661084,22.593544396996908,Right,0.83005581499884,0.13083828490411453,1
20,S,0.39992890880629817,0.7565108726437557,Right_Pinky,0.40877479216090107,0.7407837103514154,-0.04865378839895771,0.051892045745599615,0.039154940200879715,17.66645977927929,Right,0.48107954254400387,0.21249528106204837,0
21,F,0.6984111058563958,0.6301104888729698,Left_Pinky,0.6834460425563091,0.6300032882028517,-0.0003945603402419756,0.014970647595256698,0.04558784526232963,22.240366387663613,Left,0.850293524047433,0.2093473994910512,1
22,Space,0.5400764449624214,0.5995774178383336,Right_Pinky,0.5566359564137152,0.6066235794875056,0.02606869834610874,0.031677166018319984,0.05892323187521496,16.081600932392707,Right,0.6832283398168002,0.18432571334538017,0
23,P,0.5956756902267439,0.8596828017175342,Right_Pinky,0.5757535500530644,0.8784816172502038,0.048487243033808136,0.05568931559599787,0.045175504200123257,15.707908303175172,Right,0.4431068440400213,0.13375515047773467,0
24,F,0.6800371881539784,0.7568245736792943,Right_Index,0.6687364784108752,0.7806069669527336,-0.04072328634988575,0.04849427101880371,0.04223793766932181,16.494752931583765,Right,0.515057289811963,0.15049462348774673,0
25,Space,0.4822250875353512,0.8051819138255958,Right_Ring,0.45261217663764175,0.8133813470862619,0.03402971460177097,0.04584950025365359,0.049326412997039874,17.165375723424912,Right,0.541504997463464,0.21362509644765726,0
26,E,0.5746213049127583,0.7203171958053551,Left_Index,0.572096192577021,0.738881946394051,-0.023272697385727972,0.029877158505056105,0.041190603995113775,19.072091439533846,Left,0.701228414949439,0.1373995940873442,0
27,S,0.35272742545564917,0.8959792403994062,Left_Middle,0.3275021471392204,0.9137582229438329,0.010256563551247488,0.032520823826236306,0.045130570025199816,21.7577574135552,Left,0.6747917617376369,0.2102321545245569,0
28,G,0.4788710625251392,0.8765199184905045,Right_Ring,0.471598494644011,0.8506651774757279,-0.0017393658442637627,0.026914369211760842,0.043822014920332004,23.496514574860903,Right,0.7308563078823915,0.13642817718623707,0
29,O,0.2278413456991486,0.6233912980370763,Left_Index,0.2307999073720628,0.6502477822181958,0.02049854167869901,0.03391480562669526,0.04310780604345452,19.795543705057362,Left,0.6608519437330475,0.1402538152869249,0
30,Space,0.39807993111439144,0.7871162124294384,Right_Pinky,0.403201685610208,0.8006819004456788,-0.00907584678901354,0.01710646823301152,0.05422889949395415,24.707356655858984,Right,0.8289353176698848,0.1753521145510922,1
31,O,0.6355648041102895,0.6632128688546005,Right_Thumb,0.6365201677036058,0.6073305742810592,0.021762116650197533,0.05997777327890962,0.035691900882301966,23.96566313571731,Right,0.4002222672109038,0.19682282351237457,0
32,G,0.34593362056132737,0.9169086637107995,Right_Ring,0.331031688586907,0.8894806027807438,-0.011505762153547504,0.03326783229618522,0.02430324604815931,17.92526694032393,Right,0.6673216770381478,0.20553460911983662,0
33,S,0.406039511004137,0.962118348460394,Right_Ring,0.4102933505597049,1.0,0.014055054104033418,0.04062830565258602,0.0404718387852022,23.962836179295664,Right,0.5937169434741398,0.18028664503463426,1
34,J,0.5861775828269316,0.8660260620630102,Left_Pinky,0.5649544096478417,0.8750748933937941,-0.029543095298202118,0.03748464896515993,0.021440009023876203,18.95964889335117,Left,0.6251535103484007,0.15908200066889955,0
35,G,0.7070868354938646,0.689764049448889,Left_Middle,0.7136053412039414,0.7046896792350275,-0.026865176304789042,0.03141660451246386,0.057004800909244646,23.361835511650398,Left,0.6858339548753614,0.19195949567613096,0
36,O,0.3612750386385326,0.6752518484693945,Left_Pinky,0.34067291922797477,0.6957558305243374,0.007224649788140157,0.02995089596118255,0.034171094484158664,15.090976652204898,Left,0.7004910403881746,0.17708081059086972,0
37,L,0.5257684925059825,0.7557737374103372,Right_Middle,0.5430119881202472,0.7347988991008798,0.039710466478254255,0.048106165208085354,0.02339046009170258,19.550867306840594,Right,0.5189383479191465,0.20798918186661386,1
38,E,0.6288929203541088,0.669826065403637,Right_Ring,0.6313073787152698,0.6520774561311252,-0.019814393171879854,0.02671053943775583,0.03943946108159913,17.626983245140895,Right,0.7328946056224417,0.177869680008143,0
39,K,0.8619511597526643,0.693496714632207,Right_Thumb,0.8703160263478832,0.7105337667393216,0.03845701818500871,0.042885596478753056,0.03132099639591507,19.255796689563628,Right,0.5711440352124695,0.17102002050899995,0
40,Space,0.5595790776273013,0.640475563940396,Right_Index,0.5135675053864148,0.6276696916050908,-0.014266213542558318,0.049845561439192596,0.027643831113976072,21.935245818730856,Right,0.501544385608074,0.21618696759627237,0
41,P,0.5270540874561057,0.6731381988656211,Right_Pinky,0.5286801714429842,0.6754532679412056,-0.042443391869589356,0.04253757406520304,0.052996090047465944,16.448804440405567,Right,0.5746242593479696,0.1575782943356783,0
42,T,0.37484822364539583,0.7755151427025424,Left_Ring,0.3750039767668139,0.7464225132555075,0.014120664080103762,0.03233880797494628,0.042295094373658346,19.41031466306585,Left,0.6766119202505372,0.13058296905980735,0
43,S,0.5831806973787559,0.5902068864709403,Right_Index,0.6011611362419034,0.5850995582790909,-0.019892552229411855,0.02729642132534086,0.030138756666581792,20.006524077066626,Right,0.7270357867465914,0.12266272668668463,1
44,U,0.7226189126047227,0.5830014331122882,Right_Pinky,0.7026205427945288,0.5978459028444365,0.0346971705571414,0.04271049895945141,0.05582706441735538,23.12844877640045,Right,0.572895010405486,0.1850503145833915,1
45,A,0.3193113109169441,0.4969482043005056,Left_Index,0.3674339379574446,0.5147783235809149,-0.047466765064035056,0.06990560902014255,0.057061105132201945,23.98185142912984,Left,0.30094390979857455,0.1951306438123417,1
46,Space,0.5155223183136727,0.839650823340446,Right_Ring,0.5508031863057267,0.8258866297034422,0.01191664779006587,0.03970137487924265,0.051058510630659554,22.525248880409364,Right,0.6029862512075735,0.12117683466574909,1
47,S,0.5186798233586578,0.7536487091581276,Right_Middle,0.5324726419355886,0.786005149393664,-0.011379709656282398,0.03696861994818372,0.03344546478193731,15.063801880808176,Right,0.6303138005181628,0.13891986592726024,0
48,S,0.5482704825022912,0.8027688747470583,Right_Middle,0.5409059778590812,0.7938560486102227,-0.005653671580389916,0.012870058303062487,0.04627151628418102,17.89491827433687,Right,0.8712994169693751,0.1821731917737353,1
49,J,0.40511269783208165,0.758389058145761,Left_Index,0.3974050244806781,0.7442567276608255,0.029511255300920552,0.03361614467578761,0.047635441772658535,16.032961266406453,Left,0.6638385532421239,0.15569718844252572,0
50,A,0.6587658442752423,0.805339789554011,Right_Pinky,0.6542619659710248,0.8053624711709341,-0.045412121731119415,0.045634923406936444,0.025536381960238067,22.66828648061686,Right,0.5436507659306355,0.1968316797151295,1
51,I,0.5834613559466926,0.6880488192063796,Left_Pinky,0.6081630185979076,0.6836875755501995,-0.01152778128681027,0.027605838609966793,0.0368342976455487,17.2486230720944,Left,0.7239416139003321,0.20170407756009195,1
52,Space,0.6006923178253825,0.7094932815465511,Right_Index,0.6075131364331172,0.7323868514424299,-0.006804216237688142,0.024838205806102943,0.04686365451594908,19.649860830192868,Right,0.7516179419389706,0.19061517528825078,1
53,F,0.4616156746794561,0.7412187687574611,Left_Pinky,0.4612187238619954,0.7900441772606809,0.003137934872230533,0.04892775000672045,0.0210898177999513,15.745214713138196,Left,0.5107224999327955,0.21602742765913677,0
54,G,0.4675723294415053,0.6685753379098415,Left_Middle,0.44615741653746943,0.6672037686209676,0.002039878523757789,0.021555528325543576,0.05276527750755737,18.33580122718041,Left,0.7844447167445643,0.18091026754096284,0
55,R,0.2918917453492128,0.6483352414132564,Right_Thumb,0.29542685935469526,0.6383958060411158,0.029576009739151282,0.03140111078670768,0.027479009362501014,20.024535296590045,Right,0.6859888921329231,0.15482102563873204,0
56,E,0.23002944004785314,0.8501365721444364,Left_Ring,0.23333747609393476,0.8551414222900382,-0.03348399025541979,0.03401719022622464,0.03485191970865151,24.641417707384193,Left,0.6598280977377536,0.1214901723053623,0
57,G,0.3747501238946035,0.7387744579614888,Left_Pinky,0.3615135950178616,0.7250700979342872,0.007835894089419107,0.02060136929042762,0.05959231064940364,23.14937175928235,Left,0.7939863070957238,0.14653092596031816,0
58,E,0.38360858325710695,0.8802246329879095,Left_Index,0.34904795975651914,0.8656288523987765,-0.0341948192658578,0.05076178850651515,0.027696854955131748,18.286973950649795,Left,0.4923821149348485,0.13234624456688932,0
59,E,0.5938228453746599,0.7452995333584845,Left_Index,0.5833232265698128,0.7625339791439109,-0.048951085598936274,0.052947869625625955,0.05966252061751383,20.14513483380449,Left,0.47052130374374046,0.18627474635542463,0
60,F,0.5177818810583279,0.7975423220153108,Right_Index,0.5159239356386313,0.8371058265654555,-0.01273415325228544,0.04160386415376079,0.040365664277532895,16.763282195495872,Right,0.583961358462392,0.1327300151762327,1
61,J,0.4863435944263648,0.753664401703044,Left_Ring,0.4883242358253785,0.772085578194679,0.027865517198292306,0.033462661765253775,0.025339510979700365,22.40462942477864,Left,0.6653733823474622,0.1302308229907151,0
62,K,0.4363684502917896,0.8281098883882891,Right_Index,0.415644937937586,0.8449580986796359,0.017071481334228727,0.03169797516027155,0.051099613723773446,21.122709875208624,Right,0.6830202483972845,0.158843607214977,1
63,T,0.47248834414772123,0.7223664040037303,Right_Pinky,0.46085059681469487,0.7064627772687567,0.013011399822962483,0.023614805348884774,0.04248334507017261,23.4061219909405,Right,0.7638519465111523,0.19592022452180816,0
64,L,0.6808079224540807,0.8677742804013251,Right_Thumb,0.6974084283478044,0.8546536304192215,-0.025957036460502327,0.03348874428359887,0.044654382240185225,24.71555399533065,Right,0.6651125571640113,0.16786315666186524,1
65,S,0.3384765551672082,0.7466523784829678,Left_Ring,0.3729228525259223,0.7364707963844764,0.0474932360683248,0.05954678402730831,0.051841414239339065,21.437828664324574,Left,0.4045321597269169,0.17506998700562423,1
66,D,0.6928734690277982,0.7760446967871284,Right_Thumb,0.6818443927834771,0.7741387591024009,0.019256602569631326,0.0222730748614969,0.029595024479196583,20.16403661901294,Right,0.777269251385031,0.12678902603382053,0
67,I,0.5452399962146969,0.5075076031146402,Left_Index,0.5466335620667707,0.4947956185521381,-0.0330976222174708,0.0354822374400456,0.05012924065893908,21.560714542585558,Left,0.6451776255995441,0.20882003571670377,0
68,R,0.34003259358175636,0.42032523640773606,Right_Middle,0.3227950651502057,0.4315769635010875,-0.028748154037890817,0.03535802751283045,0.050814430695936004,24.094454294763626,Right,0.6464197248716954,0.18179829439670225,1
69,E,0.6299664558953323,0.5624772599577693,Left_Pinky,0.6720736030536417,0.558423845599973,0.018804581283826005,0.046293134340067474,0.04427461444650569,17.833671233937256,Left,0.5370686565993252,0.19176364102365323,0
70,J,0.22207995922209128,0.8762257751914317,Left_Index,0.2481366406015861,0.8574451288926761,0.014279917054575611,0.03515080868197822,0.05567942096642799,17.036634197756676,Left,0.6484919131802178,0.20416726239807942,0
71,Space,0.48185873259374407,0.6242433713575435,Left_Index,0.4867748227490052,0.5748564704165666,-0.04276864306085309,0.06551633961261247,0.058565507263829156,16.767690335439582,Left,0.34483660387387527,0.21190852979900832,0
72,T,0.5280885184604016,0.7590365454050129,Right_Thumb,0.5094300898362407,0.7727490743447997,0.01660922773587166,0.02849626036218517,0.04281518753207233,16.948656424850846,Right,0.7150373963781482,0.16108247042950527,0
73,E,0.7212372741912898,0.7689175770480173,Right_Ring,0.7213043313051136,0.76370128878601,0.03970772184886262,0.04004893674388263,0.021202754703200873,15.897913158682558,Right,0.5995106325611737,0.20260139918699954,1
74,J,0.48639819303068826,0.8719425951849918,Left_Ring,0.47751151856756346,0.8541602344318419,0.01719673994440192,0.026285227822564365,0.02166463190208223,20.049575645245422,Left,0.7371477217743563,0.15116245048945776,1
75,Y,0.5687000099195229,0.677989313434755,Left_Index,0.5373171381348627,0.6724402895165543,-0.029126610819726152,0.04317448049184807,0.057059191142329435,22.260738350474124,Left,0.5682551950815193,0.2144342794100287,0
76,E,0.6865189099532572,0.7176061598906835,Right_Ring,0.711651580526543,0.7030416773192851,-0.041352709364932676,0.05053535252215489,0.05719042965063939,20.91810961361739,Right,0.49464647477845114,0.20366863566293963,0
77,R,0.7365811703555767,0.81772904003729,Right_Middle,0.7035322732025735,0.8025386439410376,-0.0034802145663314493,0.03653887833552814,0.05343198749257293,18.696857391229337,Right,0.6346112166447186,0.19741871619244586,1
78,A,0.7150970736687969,0.8173802335447253,Right_Middle,0.6882554642819422,0.8089778295437747,0.01990328723601542,0.034455960736438834,0.029083832772034704,20.122811226948674,Right,0.6554403926356116,0.18564910124628103,0
79,I,0.40486742235679957,0.7214838769042945,Right_Pinky,0.4189006297089402,0.7022685773607386,0.024684003272191612,0.03428496263200999,0.05381337569961264,24.10657501990309,Right,0.6571503736799001,0.14831591286344303,0
80,I,0.4216984050439576,0.8869672598479492,Right_Ring,0.42007530819961586,0.8614049149424214,0.013354930552927094,0.02888636513147301,0.05331731989471859,20.260006082873417,Right,0.7111363486852699,0.13192647103672198,0
81,O,0.7383677546703287,0.8233632361954937,Right_Pinky,0.7560982006765204,0.8021499850022665,-0.04496658187623222,0.052786023030697536,0.05951240755796047,23.853730169081178,Right,0.4721397696930246,0.14154533309900588,1
82,G,0.3708759244254485,0.8254364091306763,Left_Ring,0.390910379050088,0.814212167410277,-0.04219643666796537,0.048040631155078554,0.03387103180729994,22.517443611173444,Left,0.5195936884492145,0.2101979849890345,0
83,Space,0.588584306564861,0.9431935761432514,Right_Index,0.5704281857367044,0.9606944652899914,-0.04380822693725799,0.05054786436477214,0.035116132285350626,23.099018315972344,Right,0.49452135635227856,0.1319526123827403,0
84,O,0.5099257989023643,0.6373915103599255,Right_Index,0.49516632452243114,0.6510882244966938,0.04824308727632244,0.05227654858602581,0.059832728110425226,18.68906344639495,Right,0.47723451413974194,0.18896298358676017,0
85,O,0.6313962909929479,0.7215790071846,Right_Pinky,0.6133206919583175,0.7106261725093774,-0.01646765793085138,0.026793201107949416,0.046322837098307826,15.62758842231268,Right,0.7320679889205058,0.2125466858665677,0
86,R,0.4902262360500351,0.6299328972664766,Right_Thumb,0.4809533756705194,0.6634516823698995,0.03782470966835383,0.05138291112736506,0.0586076042741025,18.810565756585444,Right,0.4861708887263494,0.19941277144207825,0
87,S,0.4192597363317613,0.836986167651206,Right_Pinky,0.4330145008496121,0.8205160443460188,-0.02840515081684554,0.0355993132174954,0.023860913353138873,22.62024232864642,Right,0.644006867825046,0.1590542631864314,0
88,T,0.3538215993789031,0.7409065886807477,Right_Pinky,0.35118022423353534,0.6946111089849126,-0.04886712808851587,0.06736649397545828,0.042899821305364655,24.356307374446644,Right,0.32633506024541714,0.20269370071941767,0
89,R,0.3259440818084355,0.8866554034574762,Left_Ring,0.2947238696573897,0.91648351878668,0.04100127733841134,0.05954429321295125,0.04828190277833982,18.78158342858848,Left,0.4045570678704875,0.15654837207509198,0
90,U,0.4547036397466861,0.5576980092086062,Right_Pinky,0.4700067843299103,0.5573162117697893,0.03588774480999993,0.03901617909235895,0.039273599215640706,22.10795454337974,Right,0.6098382090764105,0.218343474900202,0
91,J,0.5794335404967986,0.703638565827792,Right_Middle,0.5628184112015344,0.6847478213565179,0.013768699784401262,0.02867925804358078,0.029718175275562163,24.384812607494904,Right,0.7132074195641922,0.13297562265813945,0
92,J,0.6176317507475155,0.7625438646689303,Left_Ring,0.6081283056924497,0.7811242131821693,-0.003681976146967268,0.021192021308381912,0.02902618856340436,22.9146900923315,Left,0.7880797869161809,0.13936962598091954,0
93,F,0.368725456535798,0.8402710662184562,Right_Pinky,0.3950686305381934,0.8520797123644269,0.00941786482210507,0.030366150861257914,0.02996151566590006,19.26700783802856,Right,0.6963384913874209,0.2015649170810772,1
94,G,0.6598275386940978,0.5303238101898422,Left_Index,0.634279865086899,0.532400220804072,0.04220594673064447,0.04937952052429069,0.03431752777308026,24.778550255584005,Left,0.5062047947570931,0.14378354198661936,0
95,R,0.5487027895806331,0.6464689935375021,Left_Pinky,0.5543313378876735,0.6249065371031155,-0.01797737375566917,0.02863225542426809,0.023298498711455062,24.80358031675805,Left,0.7136774457573191,0.18947015188741703,0
96,T,0.4844241331546939,0.5582296679324803,Right_Pinky,0.4351251684417364,0.5177313174330979,-0.007253826278232754,0.06421154343741506,0.03349778681983392,24.49582527698462,Right,0.35788456562584936,0.13366743834956185,0
97,G,0.5905986879664303,0.5815090284894104,Left_Middle,0.5955678640437062,0.5843942190205462,-0.008079915124608074,0.009914739719669736,0.03919218833051809,16.10747841300801,Left,0.9008526028033026,0.1410123432696015,1
98,D,0.5612287077969577,0.7831866231978286,Right_Thumb,0.5470109012388297,0.7906762484698059,0.04121880879172861,0.04424060022477172,0.04711278234577387,24.09165919921007,Right,0.5575939977522828,0.20494104694462312,0
99,Space,0.5177850762474905,0.922428185198497,Right_Thumb,0.5306762619093992,0.9171068143312984,0.034906389432764084,0.03758930271909623,0.021053152275624352,19.64067639709839,Right,0.6241069728090377,0.2112331920565197,0
100,G,0.4613097806570987,0.9240354852130717,Right_Pinky,0.46672602867317026,0.917376956322115,-0.0157841396932802,0.017966936728899745,0.05615091369041186,18.07956699632205,Right,0.8203306327110025,0.158412995156069,1
101,G,0.7820538819823232,0.7236824596787726,Right_Thumb,0.8131222405856232,0.7417413281100327,0.04814425953214403,0.06007691204796772,0.038076557790402504,20.86585350412333,Right,0.39923087952032277,0.184140437278515,0
102,O,0.25806214412728823,0.7816128803220511,Right_Index,0.23453028361134515,0.7589692859105299,-0.004055041358498081,0.03290781347392143,0.0329821365905858,19.17914299464922,Right,0.6709218652607857,0.16105728425848137,0
103,R,0.507988298184604,0.7625322232162124,Right_Middle,0.5038505052767518,0.7227538133294502,0.022761443548896615,0.046016589787783474,0.026458134432919157,15.396689808872997,Right,0.5398341021221653,0.16297764766416767,0
104,U,0.6165489283435305,0.6884406137944702,Right_Middle,0.6126082012321237,0.7016713696109024,-0.0378584568673276,0.040296960009607856,0.022046074160049448,16.543845088595813,Right,0.5970303999039215,0.2058987174448975,1
105,A,0.39853982968091417,0.8287575628424588,Left_Ring,0.4054466219090933,0.816389352800625,-0.022021104494105593,0.026184068470397667,0.04889821185474065,22.422152198662843,Left,0.7381593152960233,0.1841740417072103,0
106,P,0.7183156787379058,0.6876731365069284,Right_Index,0.7376692358820406,0.6994777362441449,0.03448365252824874,0.04126779665521504,0.05578466162930845,24.46610017694738,Right,0.5873220334478496,0.18968912891402084,1
107,S,0.6831459166598093,0.7792959520740144,Right_Thumb,0.682869370137841,0.7686005163597176,-0.026907274448769804,0.028956350622253626,0.046748305729282534,23.803286854826077,Right,0.7104364937774638,0.12664282518222006,0
108,H,0.5581065586152772,0.6571529376604373,Left_Ring,0.5195144655237194,0.6719415645303864,0.047735408857849895,0.06314049724790062,0.038884878843958116,21.29732062959164,Left,0.3685950275209938,0.21510005550572847,0
109,H,0.525362945249331,0.9100298680426437,Left_Ring,0.5183994407382198,0.9403465332167533,0.04069658244041301,0.05122306516291922,0.05426796512136908,20.171058720317376,Left,0.4877693483708079,0.12177672150525753,0
110,T,0.744837310311479,0.6680218746449217,Right_Middle,0.7114994084598605,0.6769141208112024,0.006629048020574915,0.0351344847608297,0.03364656039342212,24.125755446517715,Right,0.648655152391703,0.12296481551166082,0
111,Y,0.37982904558609193,0.6123806460732225,Left_Index,0.38340146836788586,0.6133356499901161,0.047843217710092534,0.0479859116602829,0.055729900215909706,20.45070609860491,Left,0.520140883397171,0.20792507733626125,0
112,T,0.3410064652801436,0.6848551120151196,Right_Thumb,0.3306430766568293,0.6593732328083755,0.02894426779078088,0.039931148613699764,0.029801672087444508,20.74125876222719,Right,0.6006885138630024,0.20747293968506092,1
113,H,0.37597245430885307,0.7717336238017523,Right_Ring,0.36674946857734014,0.7906211997405387,0.0026128268109836053,0.02118090778487338,0.05000983094205318,23.83038643887814,Right,0.7881909221512662,0.126599726484349,0
114,Space,0.701555497898428,0.8058075778073388,Right_Pinky,0.6893093572490466,0.7968603001647151,0.014582807640146966,0.021039962373734247,0.056164751555069656,16.755073162291694,Right,0.7896003762626576,0.12425731984467538,1
115,K,0.2153320650394051,0.7112891099956805,Left_Ring,0.2341533216079672,0.736499456294551,0.03053209114746855,0.043840732762648306,0.047900758483876246,16.99980486548189,Left,0.561592672373517,0.1471841807230589,0
116,J,0.6297483744737079,0.7653746105758543,Right_Ring,0.6149941971150443,0.7964645731351452,-0.03560907483904038,0.04952047790925879,0.03334417329574416,15.289136068854267,Right,0.5047952209074121,0.1373461159813202,1
117,I,0.6320862477593407,0.6980627384504312,Left_Index,0.6248855824718956,0.6989344778664361,0.015928385112542617,0.017502084518271045,0.03862636114956644,15.851753482285545,Left,0.8249791548172896,0.1512980145945056,1
118,I,0.5584087768540988,0.7973383602995412,Left_Ring,0.5501705943304671,0.7910338777499594,-0.04437655346386522,0.045572937680622934,0.02282846313432812,19.839166158941442,Left,0.5442706231937706,0.12995247972879806,1
119,I,0.4510888674524295,0.671528816753279,Right_Ring,0.46077175947964144,0.6588963348064101,-0.04429880947739878,0.04707146183478362,0.03258570191698944,24.012199992893386,Right,0.5292853816521639,0.1926548741225298,0
120,P,0.4453089632751632,0.9866579905839722,Left_Pinky,0.4425181838790397,0.9981050020445172,-0.015512651052853703,0.01947985789740984,0.049968460016367136,24.35047366227566,Left,0.8052014210259015,0.1607911365233027,1
121,S,0.7065198781369151,0.7287227631237546,Right_Pinky,0.7022249650147117,0.7463149747457918,0.0473153442777761,0.05066235281356655,0.05372614289589234,22.36175427435824,Right,0.49337647186433453,0.16820258456219359,0
122,H,0.5465084849915279,0.5495705675921035,Right_Ring,0.5203779150558308,0.5336933254102824,0.037947494879077365,0.04873300598221052,0.03901006773808945,21.27751463812905,Right,0.5126699401778948,0.20830265476905108,1
123,I,0.5211483973911727,0.6635017735755421,Left_Ring,0.5341509600983902,0.6402484976990922,-0.025416872684835824,0.03682117451981351,0.024115072344118187,24.70714251720574,Left,0.631788254801865,0.13155982604170868,0
124,D,0.4217506409188271,0.7316837515675946,Left_Middle,0.4115765866285582,0.7433995066843128,0.028637486478098176,0.03257109040912665,0.05921404035281548,23.269919351844624,Left,0.6742890959087335,0.1320187900794128,1
125,H,0.5800046230031984,0.5792906484192896,Left_Ring,0.547458273408816,0.5632892514662959,-0.03735824411742096,0.052066764638335726,0.026820122770154935,17.664652585743013,Left,0.4793323536166427,0.15286207803475513,0
126,L,0.4856275960428975,0.5297857752529739,Left_Ring,0.4813396235077627,0.5425244399241854,-0.02462163444326886,0.02805147355711651,0.054623165815187544,20.870320508843434,Left,0.719485264428835,0.14557110000524504,1
127,H,0.34757175234016013,0.6752559428691587,Right_Pinky,0.3662548003101047,0.6780657515523771,-0.0019657949692990923,0.01899514822645145,0.05389672073242617,17.684772470728028,Right,0.8100485177354855,0.13858909247364254,1
128,U,0.292908019861995,0.7991773306775648,Left_Ring,0.29417855774081725,0.7882653116456573,0.021497862251365657,0.024142172794363946,0.048363480001330256,18.55284260850256,Left,0.7585782720563605,0.20068323744593886,1
129,U,0.5579137804470129,0.750008855007273,Right_Thumb,0.5679352393708321,0.7552709149820281,-0.010513506430109218,0.015448389288067027,0.04855975255793341,19.403193449308155,Right,0.8455161071193298,0.13989138544290303,1
130,L,0.7193768694053801,0.8728133997585362,Right_Middle,0.7277929756669933,0.8909308816469557,0.04184358173293633,0.04636765388527754,0.03392086444907968,19.046014065179413,Right,0.5363234611472246,0.1757700943144031,0
131,U,0.4457236213762209,0.6882737637657419,Right_Index,0.44341027890625706,0.6977565823335435,-0.04708198268345545,0.04808314148200366,0.05084887774766922,21.642823561291,Right,0.5191685851799634,0.20548690697151983,0
132,H,0.5199303891694558,0.9955169812564659,Left_Middle,0.49746188586348544,1.0,0.0290807624674998,0.037021910317492024,0.03868161531722212,16.77040000199164,Left,0.6297808968250798,0.14579744518688798,0
133,Y,0.694257767205977,0.782944741690812,Left_Index,0.7014935930822872,0.7785463244822349,-0.02556553930944603,0.026931395252303904,0.056888227421340185,17.96662083014715,Left,0.730686047476961,0.14767004071779397,0
134,T,0.4233040785571338,0.8762362246672261,Left_Middle,0.40969957979604193,0.8611346187999468,-0.024596854128331114,0.031908402017675426,0.03844731095170245,18.250377767339963,Left,0.6809159798232458,0.12812967698501762,0
135,S,0.7844524220294897,1.0,Right_Pinky,0.7908872074899459,1.0,0.016196175191755924,0.017427637670210733,0.04873552987765422,23.835089067387905,Right,0.8257236232978926,0.140142647193004,1
136,H,0.7547331817833578,0.8181741934653124,Right_Middle,0.7767796053699577,0.8078116181223778,0.03131212609443533,0.03967211868871643,0.04959741342855065,15.620288464155124,Right,0.6032788131128357,0.17721026482542732,0
137,J,0.94959274826015,0.9566972702443677,Right_Index,0.9346905465880534,0.960200438775896,0.03023368860084559,0.03388840112559209,0.04461390206752248,24.709283039381617,Right,0.6611159887440791,0.21069993516053864,0
138,R,0.7139019022650497,0.8367915765498488,Left_Pinky,0.6823383030403513,0.8178074515743738,0.008365469228100532,0.03777087333525838,0.04979206480504104,21.79908586184595,Left,0.6222912666474162,0.1682941798124546,1
139,O,0.6072598647658091,0.7369632721535686,Left_Middle,0.6301436592526406,0.7327405381143328,0.0058205228867850844,0.02398703857413938,0.02830770880574688,19.790820364726457,Left,0.7601296142586063,0.12189191063934494,0
140,S,0.2665690783405595,0.7517352831550216,Right_Middle,0.30579435404990873,0.7690941905344139,-0.03020489773300701,0.05246226993699563,0.025658291487293122,21.399153505247888,Right,0.4753773006300437,0.20232517260519628,1
141,A,0.5499608551831527,0.8773421693873413,Left_Index,0.5572796821835398,0.8946400734915745,-0.00782366429650163,0.020346804124608753,0.029793453768436257,18.81211530843054,Left,0.7965319587539125,0.213474256635236,0
142,Y,0.40262574753434877,0.5881300227448171,Right_Ring,0.35810449497214775,0.5906884980856891,-0.04222160734291289,0.06141133325695068,0.05573225132348453,15.729717464524459,Right,0.38588666743049316,0.2044210688153108,0
143,L,0.6283707481170908,0.6867970973232017,Right_Thumb,0.6669161849093147,0.6951576886405704,0.0037732344683585536,0.0396218056508357,0.044799998615726505,19.24868293938024,Right,0.6037819434916429,0.19642344289969477,1
144,K,0.4431448295049664,0.6898747214431029,Right_Pinky,0.4809344715643586,0.6845424431230159,-0.02832380754673196,0.04752608034547096,0.047814203616786816,17.94861557211187,Right,0.5247391965452903,0.1706478724492806,1
145,E,0.5788250751671404,0.8500123958304049,Right_Index,0.5820996918374322,0.8401716338183485,-0.016580306580864693,0.01955684733362589,0.04833631459044922,15.68653838765296,Right,0.8044315266637411,0.17716719898886296,0
146,F,0.4392670072249921,0.8460904550376779,Left_Middle,0.4317453807841114,0.8603387810168345,-0.03886803802194355,0.042075099966603934,0.02940306539426015,21.962120065174126,Left,0.5792490003339607,0.2162218304177041,0
147,Space,0.5170717198755449,0.7428303676669904,Right_Thumb,0.5140059414513892,0.7492930621445347,-0.033524974212418665,0.03427957574415758,0.0535048357213678,21.19571025209001,Right,0.6572042425584241,0.16711552744894248,0
148,G,0.5326610081791129,0.7088935997718497,Left_Index,0.5267812826353575,0.6979306136669192,0.009926263063417005,0.01591505372943949,0.021635822181561962,18.151281346196832,Left,0.8408494627056051,0.1491564925682854,1
149,O,0.47798264097537585,0.692741986235364,Left_Ring,0.49252781670153367,0.6947750512283853,-0.00277778246367464,0.014946958405848261,0.04411300140631701,24.512523374139064,Left,0.8505304159415175,0.21258750883153993,1
150,H,0.5280839629272983,0.7443852254945885,Right_Ring,0.5317865457025863,0.7239755240692632,-0.0021623323471121197,0.020855232260949565,0.04764693634016631,20.969047412806685,Right,0.7914476773905044,0.16343192581842253,1
151,J,0.8641309159405348,0.7557525185850617,Left_Index,0.8835339211984223,0.7644815130579695,-0.030505636320048435,0.03719228152233639,0.05691210263187124,23.319582605407767,Left,0.6280771847766361,0.1905466245303194,1
152,J,0.16596219688169878,0.8505584260522172,Left_Pinky,0.13988509453915016,0.8681303000414661,-0.04881576870135828,0.058066903619723914,0.024566394128258544,21.35344287175991,Left,0.4193309638027609,0.2040811955192921,1
153,S,0.6668015940256344,0.8333542628763276,Left_Pinky,0.6600173342608346,0.8119250330843489,0.007230709011199286,0.023611887320549946,0.05713149372928801,17.31765746341145,Left,0.7638811267945005,0.1308015094485297,0
154,T,0.5480881081534759,0.690794700452841,Right_Index,0.5794010434960182,0.7037747810200616,0.0015994042168498562,0.03393435582336362,0.0578572139283581,15.816268012103466,Right,0.6606564417663638,0.1238082954457254,0
155,K,0.5071279677674548,0.6282794778005868,Left_Middle,0.5328363646844954,0.6313831960108941,-0.03922266095521381,0.04699970075628935,0.03719259053373017,22.43224041043062,Left,0.5300029924371066,0.17087928577738357,1
156,P,0.31809619320397775,0.8151059974031871,Left_Index,0.3337401896577806,0.7975697638486029,-0.04078023307416215,0.047066777262847616,0.05847210719575341,17.02246766660244,Left,0.5293322273715239,0.14944417278204017,0
157,Space,0.5266821006885937,0.720525489493764,Right_Thumb,0.55021076229666,0.7168909417861326,0.04885972671807562,0.054351455813722006,0.027582469563365387,18.85026377235778,Right,0.45648544186277995,0.2183914841149661,0
158,F,0.45053795283161996,0.8926329209326493,Right_Ring,0.49094360425951356,0.9191295414861554,0.046833116215188125,0.0672906259630139,0.0389139653289381,19.116803693940856,Right,0.32709374036986105,0.17836655284279007,1
159,G,0.5675360734528998,0.6579839178474574,Right_Index,0.560525569447588,0.6533963276153655,0.0037157026394385242,0.009165129385382822,0.031360187784078654,16.29256151512075,Right,0.9083487061461718,0.13216869159177586,1
160,I,0.5881435408560354,0.6892762098840032,Left_Pinky,0.5378004931201227,0.6642348110837364,0.03657081501911183,0.0670739787128845,0.03545271913672283,23.057272104480212,Left,0.32926021287115503,0.17173458109424763,0
161,S,0.626529817036956,0.7956299487157084,Right_Middle,0.6376892673258266,0.7877215055657921,0.043375265627008955,0.04548066041757548,0.026125693468042638,18.605002449237897,Right,0.5451933958242452,0.19579467814301765,0
162,L,0.5330671071207052,0.7372647590498759,Left_Ring,0.5231225611047613,0.7650920574868023,0.022670810502220196,0.03724537800302973,0.043595606065696235,21.84892549943383,Left,0.6275462199697026,0.2172855086425495,0
163,G,0.5519963940642525,0.8519150260311642,Right_Pinky,0.5303554358776699,0.8399206762583423,-0.0011198281583544162,0.02476791296840437,0.03474906131352062,21.56244337328599,Right,0.7523208703159563,0.2164281474191388,1
164,P,0.542672086225649,0.7216006725069775,Right_Ring,0.5529229301988028,0.7358817660556932,0.02891934088815222,0.033843133905037036,0.0335475373409085,17.604443621825713,Right,0.6615686609496296,0.14051931134541265,0
165,A,0.7086986517224985,0.7875018028228923,Right_Ring,0.6834096589317434,0.8069090949323937,0.03687905074092336,0.04874669760041162,0.05333672661013204,24.29036619216648,Right,0.5125330239958839,0.18492898772294866,1
166,U,0.5619584980819734,0.8166645642377599,Left_Middle,0.5828208313112605,0.786881480565399,0.02409644002092695,0.043622327339182615,0.050404932135957925,16.015327504608557,Left,0.5637767266081739,0.1895244836732133,0
167,P,0.7079080863990523,0.5996200688061688,Right_Thumb,0.7351790335790072,0.6110761639856236,0.04603395000713399,0.05471810696754708,0.031020998360703034,24.975364181690836,Right,0.45281893032452925,0.12323735014511193,0
168,G,0.49796474826140935,0.5674070812362737,Right_Index,0.5429539646185637,0.5906530954735745,-0.01194554397844496,0.05202982593948012,0.042381645133061877,23.524161172077854,Right,0.47970174060519877,0.16901509862847616,0
169,E,0.46472643344266074,0.7142120401000434,Left_Middle,0.46389610726191477,0.7407210593316459,0.04274732694312748,0.05030657514650086,0.056615809396018374,20.43040824225097,Left,0.49693424853499146,0.13387413242241106,1
170,K,0.3941855300922028,0.6693583956979987,Right_Thumb,0.36236877467740297,0.6632688291078157,-0.0472740895710547,0.05730818694701108,0.03440351666833939,23.94189964825148,Right,0.42691813052988925,0.16698616163862728,1
171,R,0.7640256592927513,0.9010199086670738,Right_Middle,0.7729988144555949,0.9177102240336729,-0.03669463217312509,0.04129867032888523,0.028207355312993843,18.373973483930218,Right,0.5870132967111477,0.12681347801318998,0
172,G,0.5361840064905947,0.7626460207519526,Right_Pinky,0.5550798882319393,0.7548434219969117,-0.01300835925013425,0.02423122581496034,0.05667584288612122,22.728275051581964,Right,0.7576877418503966,0.17782143437059217,1
173,D,0.42960883829207147,0.6940424805238067,Right_Pinky,0.4467294807813093,0.6865980908047519,0.0452033782747447,0.04890685785228004,0.035197251290144956,17.459993396917266,Right,0.5109314214771996,0.1769468848056183,0
174,L,0.5396128147360061,0.9241881970767363,Right_Pinky,0.5606799543135714,0.9580688046297323,0.03835527174093868,0.05534299240610325,0.0585059334752399,24.345348480583663,Right,0.44657007593896747,0.20175614320458046,0
175,P,0.19387490562132104,0.7130771704671208,Left_Pinky,0.21248401454107307,0.7248816606152257,-0.04753899704016538,0.05239848434858353,0.02911009857319565,22.090779038319695,Left,0.4760151565141647,0.12475175943823175,1
176,P,0.6875325902266504,0.7055480666919027,Right_Index,0.6948946860968603,0.6909073047570108,-0.04001692619426575,0.043242418383731225,0.02238709606868561,21.243068659609524,Right,0.5675758161626878,0.21394255323631461,0
177,P,0.4282076050824382,0.943592414157324,Right_Ring,0.4285466014819356,0.9700320598199014,-0.016748696847318556,0.031299978073552996,0.023810413674852385,15.891290449183066,Right,0.68700021926447,0.1605211135371388,0
178,O,0.5240065219827696,1.0,Right_Index,0.5491166389539462,1.0,-0.048559924980936524,0.05466794571282475,0.05200298889117265,15.984655099543271,Right,0.4533205428717525,0.15453671553662102,0
179,O,0.34101086393886115,0.7876476434921434,Left_Index,0.3213494669909222,0.806181653531289,-0.04475053718595169,0.052275143581886195,0.023656242777538767,24.182166488139927,Left,0.47724856418113804,0.1922255933561796,1
180,P,0.6379801588747466,0.7789716389145537,Right_Thumb,0.672407547027265,0.7914148058170071,0.019016719353947137,0.04125182508148296,0.027216180736407657,22.076647439033472,Right,0.5874817491851705,0.13672539664529185,0
181,H,0.6512710742461296,0.5437947785158319,Right_Middle,0.6533438619994794,0.5244699886130617,0.029722193615035405,0.03551271247238511,0.033031436753828934,22.710753235032286,Right,0.6448728752761489,0.20702397765958758,0
182,T,0.44240838933999926,0.5530127676847372,Right_Middle,0.4538650908753234,0.5700670807530418,0.030144787224717848,0.036480320737690294,0.05162326243829547,15.557881850069652,Right,0.635196792623097,0.13789137779710964,1
183,G,0.4092574115871041,0.8836592936022336,Right_Pinky,0.40913811977580056,0.8542431589330438,0.0483743226070769,0.05661623704473572,0.030126696356836603,22.667489248140686,Right,0.4338376295526428,0.13122293823347908,1
184,O,0.5536961161378318,0.7212815631748571,Right_Middle,0.5428401643088903,0.7274381911245748,0.0497815927079705,0.05132214658766529,0.05631003990573061,21.44975004204973,Right,0.48677853412334704,0.12120177098516807,1
185,S,0.5767931710962219,0.7054065546049514,Right_Index,0.5864854629635164,0.7205746873561373,-0.04881038344790361,0.052023709067403154,0.02193716812176852,21.065256927202313,Right,0.47976290932596843,0.194790786056857,0
186,U,0.34426080121346775,0.6749811608554226,Right_Index,0.35763122880346454,0.6607734952570227,0.03593723982980117,0.040891457570988485,0.05352889704666926,20.388014575648505,Right,0.5910854242901151,0.20959686232634633,0
187,K,0.6666253184266056,0.6692640168052404,Right_Pinky,0.6590981745533048,0.6528131577462082,-0.03833242477782184,0.04238706699002517,0.038861238164403546,15.452066314712802,Right,0.5761293300997483,0.21246757537411093,0
188,F,0.37798302233619147,0.7335162420187412,Right_Middle,0.3632777278906684,0.7077489804881911,-0.008163035167781593,0.030770645015399604,0.04252059815565825,21.081170304215455,Right,0.6922935498460039,0.21408087298430978,0
189,G,0.5268352210505818,0.6599091152391707,Right_Ring,0.5366164732609503,0.6587476606035054,0.044555719352281725,0.04563150226184582,0.025182390987553524,24.663032805250808,Right,0.5436849773815418,0.1895401692663286,0
190,I,0.5295120383506642,0.8167200902830366,Right_Thumb,0.5357793794397459,0.8057513617505272,0.017075222760512432,0.021240428485976907,0.030524515577200394,19.34233830678705,Right,0.787595715140231,0.20789584026909252,0
191,Y,0.3661334272759378,0.9069751452975486,Right_Middle,0.374095833409419,0.9079565484633133,-0.019940783821484634,0.02149413694530337,0.021083467523859138,23.226605163239487,Right,0.7850586305469662,0.1794251425826738,0
192,O,0.6966470117392123,0.6841681593553712,Right_Pinky,0.7176827718432358,0.6779233415140591,0.048830537734162446,0.05353431019853213,0.05383704782428443,16.18826100421306,Right,0.4646568980146787,0.14170148428554746,1
193,S,0.5245662381901113,0.7197056165298756,Right_Pinky,0.5171988681154541,0.7291862347743859,0.015950288619166683,0.019964267358203093,0.04225397196675006,24.400978845910938,Right,0.8003573264179691,0.1286228961293383,0
194,Space,0.24956316797449113,0.635686039831419,Right_Index,0.24669683186193142,0.6249846768950186,0.01852147684086715,0.021581940500647927,0.04609430046179862,18.256678342566627,Right,0.7841805949935208,0.1559759554477025,0
195,G,0.308756778299242,0.6738310700279307,Left_Index,0.27476199928020334,0.6681620823114814,-0.0037882113705628787,0.0346717892193435,0.04686113573358877,24.131618613420862,Left,0.6532821078065649,0.19370577349115184,1
196,G,0.9205737332020959,0.6468322277010856,Left_Middle,0.9219365071175945,0.6219387669321809,0.03435951161032419,0.04245135545418739,0.05205349220076812,15.660211851000243,Left,0.5754864454581261,0.14756561012985947,0
197,T,0.3031775826230459,0.8540159271393393,Right_Pinky,0.3299652916469031,0.8672657402484663,-0.0008046884888878933,0.029896261066189894,0.04316046765602059,16.755546745788074,Right,0.701037389338101,0.1395484752863903,0
198,U,0.42649467243953937,0.6850970354860271,Right_Middle,0.40838608901769935,0.6997055653693119,-0.04743034999549241,0.05282961328262278,0.057763585791468786,18.744497828819135,Right,0.4717038671737722,0.2053895436672757,0
199,P,0.5667432537775893,0.7882092595279188,Right_Ring,0.540462098691828,0.7590131032070456,-0.046564486712997004,0.060920982258985026,0.05116421306096957,23.039695654720013,Right,0.39079017741014976,0.13251027948521577,1
200,L,0.30164882400563997,0.8930524438570813,Left_Middle,0.29083215244093935,0.8944801493423721,-0.029085540225231833,0.031064567868955,0.023100353551314887,23.287145209827468,Left,0.68935432131045,0.12459676572481085,0
201,D,0.25980929100623,0.6464484297399415,Left_Ring,0.2636833997922176,0.6377484448434777,0.03998581989845361,0.041104309373056425,0.031196077499935207,20.58720476991858,Left,0.5889569062694358,0.18205817424796103,0
202,F,0.5845270711040647,0.7491701530364967,Right_Ring,0.5988589121148091,0.7136637270876284,0.045459011155659854,0.05943592891231813,0.028762420243893472,17.383880002485252,Right,0.40564071087681874,0.21536569315148807,1
203,H,0.455394384021414,0.8874346225042486,Right_Thumb,0.46617400762977523,0.86906768938894,0.03980673994589613,0.045145554181119145,0.04762288973802567,20.843400267740687,Right,0.5485444581888086,0.21064303230852188,0
204,E,0.7781497840127474,0.764181153558342,Left_Index,0.8051888169328495,0.7805541459834537,-0.006141296152581452,0.032200927015240466,0.04647240801307899,17.630807800498744,Left,0.6779907298475953,0.17592145279177038,0
205,L,0.3288744208222134,0.7649364553110953,Right_Middle,0.3369808939486051,0.7809317129019764,-0.044503045797443345,0.0479800401958657,0.055840142503023826,20.895852384212027,Right,0.520199598041343,0.14574485087855737,0
206,E,0.6156180991522335,0.7863922784708723,Right_Pinky,0.6261695622249028,0.7729841390397354,-0.021545644535201625,0.027483201676951268,0.028429354282148364,20.05571358796098,Right,0.7251679832304874,0.20799983479932915,0
207,F,0.5397591934261575,0.655735681354288,Left_Ring,0.5229318148231032,0.695730708350402,0.00956280683857208,0.04443208446271971,0.05017912230392431,17.89203063042945,Left,0.5556791553728029,0.124978705631583,1
208,Space,0.4947094013336121,0.9576783319750316,Left_Middle,0.5098534697696011,0.9745583590820007,-0.033568646452989626,0.04051088925970083,0.04962885435163841,16.92369428946519,Left,0.5948911074029917,0.1483337479076007,0
209,E,0.7306286099938566,0.892639999079568,Right_Middle,0.7449609164911383,0.8891358012723395,0.00694796276863785,0.016308543725255965,0.048047408403372,20.28986211107127,Right,0.8369145627474404,0.1784938702656481,1
210,L,0.4443792449081216,0.9380399786891085,Right_Thumb,0.3967460820175762,0.9534907560907897,0.008793483885712258,0.05084260111483098,0.028448032679180987,20.36066944877475,Right,0.49157398885169024,0.15879270800904977,0
211,A,0.7834270790424693,0.785808239550647,Left_Ring,0.7585680982244074,0.8112414356216673,0.036262589400613665,0.05079165068923463,0.038024897637521746,22.64360750704673,Left,0.49208349310765376,0.1385866262333583,1
212,Space,0.48837202878852715,0.7442161623063684,Left_Ring,0.48786217261296644,0.7711484144742332,-0.004136813600594945,0.027252878507036303,0.02237537622066465,17.973648041128328,Left,0.727471214929637,0.12127476505618433,0
213,U,0.4192348763664114,0.6446246861493882,Right_Thumb,0.43026849968267766,0.6523750444219205,-0.03196353593594452,0.03469115919605861,0.027934105288130454,17.030825804517495,Right,0.6530884080394139,0.15564226645456586,0
214,T,0.5024351930156962,0.7443275949551148,Right_Index,0.4818973916458412,0.7214866241946805,0.034646505960763616,0.04630217711593982,0.029714697410389533,19.819321465415303,Right,0.5369782288406018,0.12078716699653078,0
215,E,0.5111854761370603,0.7057469924855607,Left_Index,0.5391437711392851,0.7022864184349807,0.038424272113332575,0.04764521507591715,0.051835252132363854,24.916377705461052,Left,0.5235478492408285,0.17877438025233733,0
216,J,0.5588224038572139,0.5955410602066715,Right_Index,0.5614775502465307,0.5925270141141028,-0.03663013781655736,0.036849711975221945,0.05800077938939527,17.162688280197045,Right,0.6315028802477806,0.18499926759020874,0
217,P,0.6135367610173692,0.6465634234832123,Right_Ring,0.5974432006207893,0.6409745233600119,0.013045810645460856,0.021457671500484273,0.05558483727873527,15.381299152188468,Right,0.7854232849951572,0.12550086342858113,1
218,E,0.5049306229527818,0.9014481780032959,Right_Middle,0.4813229978132302,0.8783800025144479,-0.048030923608016675,0.0582789010513497,0.0391741133886912,23.628122456143636,Right,0.4172109894865029,0.17939575039913205,0
219,A,0.39947274642148717,0.7070029000402998,Left_Middle,0.39869025591765195,0.7421653088050356,-0.019284343176794116,0.04011101062410834,0.02973299741710208,23.863164362392347,Left,0.5988898937589167,0.21426028512155307,0
220,Space,0.3390828194014051,0.8005456472883304,Left_Pinky,0.29683414136803976,0.7871325466523678,0.02909564308243527,0.05302281122892197,0.03136489605256139,20.08574984808877,Left,0.4697718877107804,0.17619111908360313,0
221,S,0.38373810355659005,0.811503073291784,Right_Ring,0.4087149979020015,0.8170300678320969,-0.037540722487561955,0.04542795135903264,0.039380446337710484,18.828881324968606,Right,0.5457204864096736,0.12415489778831253,0
222,F,0.6625458192380637,0.7193655827738848,Left_Middle,0.6479248416376402,0.7411607250880695,-0.015463157977533185,0.030461622890545343,0.029794663559506385,18.942185549629865,Left,0.6953837710945465,0.17570694080751262,0
223,K,0.6256833089557324,0.7461395100867426,Right_Thumb,0.6214034963593794,0.7464006572714861,-0.0019639866317871374,0.004716167639285097,0.05143409664365792,21.383829495389428,Right,0.952838323607149,0.19915527765068164,1
224,T,0.5117123153232991,0.7362156922374661,Right_Ring,0.5440604078383187,0.7233415692084147,0.04259626101646666,0.055014394350118706,0.022907665115450487,22.556871215837006,Right,0.449856056498813,0.1302494936680006,0
225,S,0.3825597678816288,0.785471128700879,Right_Middle,0.34602438281333503,0.774702292239281,0.01583673985202977,0.04125050945098757,0.02629653132626253,24.737761847738177,Right,0.5874949054901243,0.197154467302401,0
226,I,0.4115742314739275,0.6603637544250424,Left_Ring,0.41750007951789486,0.6832345057494107,0.048112104650095855,0.05360001450599675,0.021093557298380576,23.033948764964187,Left,0.4639998549400325,0.1731829815674466,0
227,Y,0.35471970749363807,0.7669893406690851,Right_Ring,0.34658322809883385,0.7450785370600227,-0.009756903206066411,0.0253275101798326,0.04290206697266758,20.96489844311219,Right,0.746724898201674,0.12954371816885027,0
228,G,0.43559492305001946,0.6893822048511297,Right_Thumb,0.4204567638606469,0.6847959217429994,-0.04851562192192665,0.051029044933861296,0.02908431164262506,20.635708183497783,Right,0.489709550661387,0.2012891984707556,1
229,Y,0.5353471108273177,0.5614983211223316,Right_Pinky,0.5230662202006928,0.5417784567349341,-0.04175177628102003,0.04777974621804532,0.05994690119939132,24.85420268434678,Right,0.5222025378195467,0.14155202046997417,0
230,Space,0.39847523806676954,0.8467196211748671,Right_Pinky,0.3582433893922418,0.8328155553580158,0.0060941443610749504,0.04300073591815672,0.03264159388372458,19.287297147697863,Right,0.5699926408184328,0.2103012646929786,0
231,E,0.7898551721031488,0.6163039103707282,Right_Middle,0.7596901525041876,0.6285757795569268,-0.010642155989253499,0.034260511742069615,0.0565739613019373,15.159711758203208,Right,0.6573948825793039,0.1559738904642716,1
232,P,0.7011430979954988,0.8015010277782597,Right_Pinky,0.6947531746923021,0.8010347029071309,0.0158779241407212,0.01712182974231043,0.04395657558721405,20.839026196853062,Right,0.8287817025768958,0.1547747072901533,1
233,F,0.722957931405448,0.8730701405124813,Left_Pinky,0.7017240152096778,0.8956290025486323,0.007868649439691011,0.03196399689306448,0.05727996196011094,15.846922944791936,Left,0.6803600310693552,0.21405591991414377,0
234,U,0.6914335922010674,0.7917805582459303,Left_Middle,0.6777917274189782,0.8121894707265798,0.021377218545485924,0.032551645981687034,0.02894383922601885,21.247204201904374,Left,0.6744835401831297,0.15958129915465105,0
235,A,0.2577036492945533,0.6113421743144789,Right_Ring,0.29031063704273585,0.6276731123800158,0.010964068295325355,0.03808051971408855,0.032460787687347246,15.854838505115854,Right,0.6191948028591145,0.16328643102999577,0
236,Y,0.48909018802182624,0.6028258209967291,Left_Index,0.5008826600747497,0.6160848458193428,0.0033374096553747887,0.018055537642879933,0.0336237365560932,20.145994839645383,Left,0.8194446235712007,0.15735157648465029,1
237,O,0.5315011327866104,0.7471161441343581,Right_Pinky,0.5261555061001588,0.7963164418702557,-0.0212626059907612,0.05386412011246661,0.03936504338653592,18.583350088242987,Right,0.46135879887533393,0.1531495545025703,1
238,I,0.4647327628964216,0.7847540733623908,Right_Ring,0.447049251689755,0.7806342247156839,0.031827587001410904,0.03664253015009276,0.026039606142348067,20.90348620955748,Right,0.6335746984990724,0.19239037625962224,1
239,Y,0.3002814292712171,0.5994103585625553,Right_Index,0.2944043294762231,0.5916649467772336,0.03606135837387296,0.037349073261507,0.05775556353202939,23.278321500370865,Right,0.62650926738493,0.18889705784520006,0
240,A,0.49394397093845166,0.7398203605680395,Left_Middle,0.4910414881353691,0.7699225602219113,0.04860764318633651,0.057247443668289315,0.0228562396458886,22.109281663986447,Left,0.4275255633171069,0.21843840154431227,0
241,K,0.48350335959892476,0.8275115073410406,Right_Thumb,0.5005560577784958,0.8272475495874142,-0.024309828613104725,0.029695655508807494,0.04926054128011491,21.65858054679539,Right,0.703043444911925,0.1260961221485829,0
242,E,0.538379949646966,0.7649584188020958,Left_Index,0.5249189827167015,0.7511299059674775,0.020614623355875314,0.02823806108817456,0.054031141168386476,24.84757848154858,Left,0.7176193891182544,0.16592410764360754,1
243,E,0.6521315432752215,0.6923711482616146,Right_Ring,0.6704522303306633,0.6984528571651168,-0.022544870554679887,0.02968005973204303,0.058628003727142955,18.533319981436875,Right,0.7031994026795697,0.1594830960824668,0
244,D,0.5405368394807274,0.7212093466385963,Right_Middle,0.5310187080028944,0.6877741193369894,-0.02911313049197627,0.04534405825003173,0.03335638263365284,15.849575219894735,Right,0.5465594174996826,0.20667756415107433,1
245,D,0.4471033279142473,0.9780225732705145,Right_Pinky,0.4623786064485816,0.947191273095161,0.0021795274963700498,0.03447685520623472,0.05216698746993054,19.027779107215913,Right,0.6552314479376529,0.2058160699363909,0
246,U,0.6139415289778434,0.7449772276696456,Left_Ring,0.6345924921543146,0.7810429575197292,-0.03366948724840976,0.0534867602431294,0.0307229477362429,16.557185192748953,Left,0.46513239756870606,0.14924672593166793,1
247,L,0.7870107720358731,0.8640312688197335,Right_Ring,0.7589823268510738,0.8647239585225571,-0.0009548178647429822,0.028053257130973747,0.020862893382986997,21.43255521081013,Right,0.7194674286902625,0.1394008184149151,1
248,I,0.5753005175280574,0.6550647450722755,Right_Index,0.5501316646066637,0.667721266258138,-0.005587713986204966,0.02872074569885964,0.03592836420549485,18.2963324720292,Right,0.7127925430114036,0.1986067883947244,0
249,D,0.8678692792417491,0.6679142046683324,Left_Index,0.8629678775278679,0.6576260448230447,0.027089959143050374,0.029389383425569977,0.03384118983123302,17.127096633298624,Left,0.7061061657443002,0.21635663025385649,0
250,R,0.24513491814155686,0.5861179802137428,Right_Index,0.2627584930693189,0.5773562341312252,0.03231671264292474,0.037838188430398316,0.05137207564386145,15.435016809756346,Right,0.6216181156960168,0.12179622230072239,0
251,K,0.36420597023897494,0.7473900402099345,Left_Index,0.3730718183548558,0.7519426108892591,0.04082753974146511,0.04202638652019736,0.05984329170238996,17.09244806320452,Left,0.5797361347980263,0.17898968234055332,0
252,U,0.5613972219754086,0.8259425074116041,Right_Index,0.5504143075817416,0.8405148627817013,-0.01239746461788234,0.022060713464497537,0.04702367441359202,19.500733130807724,Right,0.7793928653550246,0.2065927349510066,0
253,A,0.462176905632966,0.5639373130134664,Right_Index,0.44880197559809215,0.567456081170755,-0.0056662520232955566,0.014945798565952212,0.04217770837392992,19.79861722099539,Right,0.8505420143404778,0.14021081884210004,1
254,Space,0.525457636505385,0.6926786933786947,Right_Ring,0.5252203146650455,0.7082215347875304,-0.0443934431186454,0.04703630547401149,0.021391290266480536,16.62870917362572,Right,0.529636945259885,0.18392059009429151,0
255,J,0.43672955212554876,0.7983672153670159,Right_Pinky,0.45106650387455016,0.7903373191348794,-0.017487054697748652,0.023996343491334855,0.059765177978834225,22.637315003468288,Right,0.7600365650866514,0.18425101491603102,0
256,H,0.5356696485265883,0.684077816310163,Left_Ring,0.504693651725269,0.6449579812648251,-0.0320967763945957,0.05933023619314575,0.0446425360381226,23.823290083385125,Left,0.40669763806854253,0.19694723080665755,0
257,R,0.5598871994766552,0.802559142868594,Right_Ring,0.5452200163302395,0.8170259523620106,0.006231537221860983,0.021523171107361207,0.04331322498538154,15.921514582793746,Right,0.784768288926388,0.12523898614840556,1
258,F,0.40261080248631076,0.613406362326617,Left_Index,0.44138159204736843,0.6083856824379041,0.04938552877915209,0.06298660018233405,0.04310652693940012,20.862820457663126,Left,0.3701339981766595,0.14779650866781435,0
259,E,0.22233023731496082,0.6889285851605232,Left_Ring,0.2192701678376046,0.6746538906800928,0.004882852508684234,0.015393933101629387,0.023969019156980624,24.834679083184767,Left,0.8460606689837061,0.21378414296765072,0
260,G,0.47572956948508666,0.5738897967602901,Right_Pinky,0.5322294453200339,0.5531019520266949,0.017811477076331197,0.06278231577182534,0.0302961052809069,16.855212652595014,Right,0.3721768422817465,0.13952827236587026,0
261,H,0.5472843093897658,0.6236884261011993,Right_Pinky,0.5741109267561313,0.6778642671095263,0.02478498227554847,0.0653374662401302,0.05089013089348114,18.500099815014266,Right,0.34662533759869796,0.20797704684083307,0
262,J,0.4188679280122526,0.7595403096566965,Left_Middle,0.42367332143355996,0.7794628010973871,0.01929351410895308,0.028146707761482606,0.055720373244485755,19.31589734302432,Left,0.718532922385174,0.2052894197575479,0
263,T,0.44355920517630026,0.827724671187378,Right_Middle,0.42408574208900424,0.8432997109368076,-0.04019905661664178,0.047304986847863745,0.0395556204822902,23.04330368239018,Right,0.5269501315213625,0.14438787280129617,0
264,P,0.39131095200889937,0.6945827479557365,Right_Pinky,0.4252233729203737,0.7005253627398499,-0.047566005163266034,0.058718751772676644,0.020264286321378968,22.54672144481505,Right,0.4128124822732335,0.12563793175570456,1
265,A,0.5923864420526529,0.8300221777601646,Right_Middle,0.5840464841553403,0.8108079666941499,-0.0101458770139801,0.023274011794297923,0.027936996085317384,23.198723779610017,Right,0.7672598820570208,0.14387449688305143,1
266,A,0.3898428460527925,0.7574823880498547,Left_Index,0.3767102218691251,0.7734196710884875,-0.036091266819960534,0.041581755004719605,0.03671221198072082,15.929073234831932,Left,0.5841824499528039,0.13247502591983176,0
267,P,0.5071389202579141,0.6792760337589752,Left_Ring,0.5203910858688421,0.6912936104522456,-0.03410344725675145,0.03851087064391205,0.03895628975587474,16.693589841772905,Left,0.6148912935608795,0.1806883483434293,0
268,A,0.6317206236401637,0.7444512368331363,Left_Ring,0.6154723910866465,0.7296512202878749,-0.03290276463724018,0.03956813707551581,0.038076089821280454,21.129320210922245,Left,0.6043186292448419,0.2068506069042339,0
269,P,0.7873126819590412,0.7526081124157983,Left_Index,0.8172287142134642,0.754693778836447,0.03218298850036777,0.043989359384750085,0.030849192646783194,16.279897660440614,Left,0.5601064061524992,0.21951655006653847,0
270,J,0.5155424855415643,0.769804096719082,Right_Thumb,0.530625373006716,0.7505336184778224,0.007325622617147823,0.02554426692356145,0.051631613625924416,19.319048207876236,Right,0.7445573307643856,0.19738777186254308,1
271,P,0.5272271051112549,0.5836757465255555,Left_Index,0.5351311801851291,0.587623294235466,0.015769523920855635,0.01807582419658633,0.04642164820039575,16.33378519215743,Left,0.8192417580341367,0.12997832463648423,1
272,H,0.45615975981579426,0.6054029469298663,Right_Thumb,0.4534392621701536,0.5740188101677374,-0.04678423436275443,0.056401504702029724,0.030394350716214415,15.563031428723624,Right,0.43598495297970274,0.14670665798419968,1
273,L,0.4235891830387971,0.5744032639377696,Right_Pinky,0.425099088472002,0.544380358386074,-0.013602439818058754,0.032995166936798,0.039535054353104095,23.280416967244825,Right,0.67004833063202,0.1740494462219995,0
274,A,0.25486319308662075,0.8001945932116536,Right_Ring,0.1926544289405074,0.8056323904873435,0.020262478022608235,0.06565110807454005,0.029751646387525664,21.315359806181824,Right,0.34348891925459946,0.20209596287842171,1
275,I,0.5038137642345455,0.7897035135182311,Left_Index,0.484226569955957,0.7998940803971822,0.022381220271598168,0.03143922476568631,0.04188117887742532,22.736563247088064,Left,0.685607752343137,0.14328601370518415,0
276,Y,0.4358741112698118,0.7921205947092156,Right_Pinky,0.4547845622629544,0.7991121538630541,0.028197135534983306,0.034663604955974925,0.05777396671029414,21.699017734186157,Right,0.6533639504402508,0.15453049815755404,0
277,A,0.8591627183046837,1.0,Right_Thumb,0.8385420828195788,0.9737906437491667,0.03448772402444898,0.04797441058813772,0.024203860338322836,17.857849120236587,Right,0.5202558941186228,0.14363933590932865,0
278,K,0.6943485263052264,0.6990963549901225,Left_Pinky,0.6342239851747852,0.7190391576939493,0.01394637199524576,0.06486275601344468,0.02516232899715446,16.983899431149315,Left,0.3513724398655531,0.19146944287738926,1
279,Y,0.3127301000370897,0.9754184464996969,Right_Middle,0.30511023970415,0.9764826314735616,-0.022962671762103162,0.024217329654736844,0.044652144858167445,19.48521718184972,Right,0.7578267034526316,0.14541046961767312,0
280,R,0.5876553144438302,0.6744389536237774,Left_Middle,0.5736070524779083,0.7123331152865557,-0.034550892885026434,0.053170342781860266,0.05492895723539644,16.26666382590352,Left,0.4682965721813973,0.19853687202607007,0
281,Y,0.45477541723956083,0.8111984542802152,Left_Pinky,0.44109449138208534,0.8002337613040928,-0.048419565292166046,0.051496082641893245,0.050046714800221784,21.74833861781714,Left,0.4850391735810675,0.14789309081840754,0
282,Y,0.35652631738466567,1.0,Right_Middle,0.3188461817606034,1.0,-0.01931165473250991,0.04234067346128776,0.044088567528459965,19.744815546869177,Right,0.5765932653871224,0.13457059511734507,0
283,H,0.6728285244457696,0.9585983360767875,Right_Middle,0.6948358511308332,0.931599093172015,0.019908353385131555,0.04012012063492959,0.05415040635177351,23.551178039425157,Right,0.5987987936507041,0.1583492153543579,0
284,Y,0.376326975160149,0.6544087357574392,Right_Middle,0.4032924157260523,0.634558955631018,-0.03211992161020785,0.04639868662178298,0.047547031571203636,15.144147523017278,Right,0.5360131337821702,0.20027533570944658,0
285,L,0.7826265941743265,0.729513967762754,Right_Index,0.7742206980243171,0.7511566514044363,-0.04052893713942734,0.04670823900502284,0.023160690856159506,15.417349688579458,Right,0.5329176099497716,0.17174346846897331,0
286,J,0.5829230366166696,0.7520118495960858,Left_Index,0.559585949735361,0.730377974485232,0.012411535777726024,0.03415684992471547,0.023063315915444638,19.171626742009927,Left,0.6584315007528454,0.21816330311041066,0
287,A,0.629129532290105,0.7429160387685033,Left_Ring,0.6023024605243608,0.7515626951599202,0.020971473792908216,0.035132024697165705,0.0509253259287691,18.38335246050675,Left,0.648679753028343,0.17475700178156373,0
288,K,0.39353714515284377,0.7656293564871899,Left_Middle,0.40964022476739487,0.7592570772056811,-0.0381798661463234,0.0419239465611873,0.03232154800687703,18.981449191689855,Left,0.580760534388127,0.13500587735218947,1
289,R,0.22529786215176523,0.5929722937461087,Left_Ring,0.1958526200459113,0.5832488021673363,-0.014235364596226131,0.03412058288397633,0.02495601737191909,22.739142801272962,Left,0.6587941711602366,0.1981465819833249,1
290,L,0.23150341460055396,0.7603093816485289,Left_Index,0.24535487693654867,0.7751847310037714,-0.036382633342711634,0.04167535286276752,0.055100353840412744,21.294060933637418,Left,0.5832464713723248,0.16305251786206898,0
291,H,0.22862939300238794,0.8456972614864503,Left_Middle,0.24898124897207957,0.8186541507411778,0.041421059997153814,0.05349048599031387,0.052006487709566965,22.885575491578088,Left,0.46509514009686126,0.17881554678709793,1
292,Y,0.6002114713964173,0.8166075267083008,Right_Pinky,0.5844176104529654,0.8111512688967359,0.04187741766829231,0.04508807939324939,0.02070789978213134,21.449245704983845,Right,0.5491192060675061,0.1319721715084806,0
293,Y,0.49657047684943884,0.8051471085091874,Left_Index,0.4424885478504351,0.8043117862604297,0.0304785400095645,0.06208457303249474,0.05157097213345521,19.270192556591006,Left,0.3791542696750526,0.17253419854252208,0
294,H,0.5719669288098781,0.7662456880204983,Right_Middle,0.5473286009904186,0.7577369944260672,-0.0005165141538050616,0.026071284036160283,0.028388676652325875,19.46194133078531,Right,0.7392871596383972,0.18613422584578426,0
295,R,0.2998308372469799,0.7810704992988065,Right_Middle,0.3006020214532318,0.7864636321499933,0.02047523901921708,0.021187638375349722,0.05954013038677898,18.777253843818663,Right,0.7881236162465028,0.21189390703087274,1
296,D,0.4243200525549691,0.5962469578223359,Left_Middle,0.4574960351341702,0.6068428753085807,0.007857114407896285,0.0357022903227445,0.023248202070058465,22.432003492118287,Left,0.642977096772555,0.21735013578261125,0
297,I,0.4628608726288503,0.7088067903820738,Left_Ring,0.45833354335897414,0.696441387330354,-0.046196996130752024,0.04803709352629567,0.020407176220513638,20.75090657913217,Left,0.5196290647370433,0.1833624832105534,1
298,G,0.5459089275287997,0.6679534093731739,Right_Middle,0.5536542561768959,0.6550824659404183,-0.022206663283982478,0.026810206916851466,0.04101025793560519,18.44634017957583,Right,0.7318979308314854,0.19386930954381537,0
299,H,0.6327781757939897,0.9305587520012653,Left_Pinky,0.6323898994541592,0.9065993690972952,0.016420217592765754,0.029048689014289402,0.05405429645666353,20.12688067055304,Left,0.7095131098571059,0.1702809409437067,1
300,Y,0.4288535314423485,0.7313892122970084,Left_Index,0.42986539746154995,0.7292950091891852,-0.044095042723092684,0.044156339887370645,0.04354268105072165,24.52548865659429,Left,0.5584366011262936,0.17645438345228323,1
301,O,0.34883347722256564,0.7772750965267539,Right_Pinky,0.3313570679478934,0.7556239601057687,-0.030285231169444073,0.041126534213845774,0.049637529629970756,22.208105568440892,Right,0.5887346578615422,0.15570758835275803,1
302,Y,0.5111632632793062,0.6814829813674383,Right_Thumb,0.48604252625978905,0.655694802253114,-0.039441692891310415,0.053401580019402574,0.05027884990246834,16.18096594593792,Right,0.4659841998059743,0.21423186800316857,0
303,U,0.12472784389567187,0.7276585674269728,Right_Middle,0.13469574245322707,0.7480641701829002,-0.04597363039339689,0.051276917975197074,0.04641661565286582,17.624012380192447,Right,0.4872308202480292,0.12517055170957647,1
304,U,0.6035220347994434,0.8498951250156372,Left_Pinky,0.5626724555437382,0.8561104362153895,0.02365730865481186,0.04761288136068792,0.03869141282415967,19.511275497777774,Left,0.5238711863931208,0.13350534110208323,0
305,G,0.6077037791378074,0.8000880063942722,Left_Middle,0.6043650710163084,0.7834881951238195,0.04128187698919386,0.04461943605522314,0.03654624389044999,19.813621182279533,Left,0.5538056394477686,0.19930586827055968,0
306,H,0.2755700858431663,0.7434572650727487,Right_Pinky,0.29748382432871634,0.7435319895392829,0.038222895743086974,0.04405913386740453,0.031978018420261475,19.306831279839415,Right,0.5594086613259547,0.15690666140378529,1
307,H,0.7552665293166153,0.8149213834700957,Right_Ring,0.7679266569722284,0.8318980601176748,-0.04811097766544392,0.05256569750491017,0.03945227017240033,22.641282494593344,Right,0.4743430249508983,0.20771289972318058,0
308,U,0.6245820397817752,0.7411214272904829,Left_Middle,0.5949130840152166,0.7218368203639745,0.005860953239065901,0.03586772607036116,0.02896877375355776,22.21099614366365,Left,0.6413227392963885,0.15272508480705058,0
309,J,0.47905130882602426,0.7064287904528607,Left_Pinky,0.47955628981662474,0.6573726917690332,-0.025555489144392363,0.055315810120502074,0.0437485226717506,16.74150151017369,Left,0.44684189879497926,0.1321653869410532,0
310,P,0.4225599407250515,0.7086005484971216,Left_Pinky,0.47878197054537824,0.6979276226489387,0.022984057566351607,0.061669237756695895,0.025011069197144953,18.619601776481286,Left,0.38330762243304106,0.20016889116798936,0
311,K,0.7280855778706222,0.7991852283350109,Right_Pinky,0.7318094375346023,0.7777068566982401,0.04629693578178884,0.05117219793742826,0.05593765988851633,21.86581400229376,Right,0.48827802062571735,0.1674510975482511,1
312,J,0.394750457341796,0.816419968817449,Right_Thumb,0.3750316312572668,0.805610452853311,-0.041041800295074905,0.04679858020273344,0.02940248511157864,17.3793646389454,Right,0.5320141979726656,0.18521679258619034,0
313,S,0.38442788348090584,0.6527525652653017,Right_Middle,0.3565113280516343,0.6728220172365238,-0.013652337537613267,0.03699328708971,0.05410655068497276,23.27484714541918,Right,0.6300671291029,0.1765967675783509,0
314,H,0.6834773304707759,0.5900598287090608,Left_Middle,0.7101946638064216,0.6097513587961644,0.0019069914763275783,0.03324468189395257,0.05744228306322234,18.242595827193295,Left,0.6675531810604742,0.18212910345727226,0
315,D,0.26336857751091847,0.6527334727785937,Right_Thumb,0.23586830542884146,0.6455960804396538,-0.019099924772016386,0.03423469673131205,0.046027760000566305,22.648132075530558,Right,0.6576530326868795,0.13532736831634773,0
316,T,0.49443205045015526,0.7337884214990489,Left_Index,0.5178793752615473,0.7585940056584293,0.01837425343521995,0.038764767967843096,0.033019313087330505,24.760346857932152,Left,0.612352320321569,0.15400719894155426,0
317,J,0.4072120635611838,0.764886170381469,Right_Middle,0.42816941475176273,0.7174789982318331,-0.04953412158825025,0.07169574423680969,0.05970472345531404,24.292729901043796,Right,0.2830425576319031,0.20013831674343266,1
318,L,0.7025185060032181,0.8028142548496847,Right_Ring,0.694737960379284,0.7999971833393088,0.015199505379473649,0.01730600317465992,0.0316265032968867,19.254820079587468,Right,0.8269399682534009,0.17244315607792712,1
319,O,0.28611117624019067,0.7058263703254347,Right_Middle,0.29272510364068755,0.7105047206252516,0.03988179448171646,0.04069629624755439,0.026005100654745844,23.731673669953953,Right,0.5930370375244561,0.15433945850148803,1
320,L,0.6199205722452477,0.7953156740358313,Left_Ring,0.5887180185817983,0.8014163633131182,0.028740582479750948,0.042858357948640645,0.020146930887122536,15.535142610188352,Left,0.5714164205135935,0.1620549464712321,0
321,O,0.5439388077864765,0.8220071778027475,Left_Index,0.5306551219783564,0.8202162588281203,-0.03781176456418714,0.040117243660052836,0.0236770661877318,22.236092070456976,Left,0.5988275633994716,0.20870308526048015,0
322,Space,0.5536962621048375,0.6847986202085193,Right_Middle,0.5364233504585065,0.656136555435604,0.01220203178382577,0.03561961557123045,0.0480236821180717,16.04010777092518,Right,0.6438038442876954,0.21016095194899315,0
323,K,0.4053355534736897,0.7995392398783062,Left_Pinky,0.4285059834346768,0.8029312985646865,-0.01666531365285325,0.028742087012895073,0.023170346271335965,18.92378111406007,Left,0.7125791298710493,0.12989074644140663,0
324,U,0.5515456142590593,0.6851898285006317,Left_Ring,0.5284773586955743,0.6625969775566317,-0.013208810726352119,0.034886301170010174,0.020316023933121367,24.803387893096456,Left,0.6511369882998983,0.1209827248135443,1
325,E,0.38020017134397416,0.9373259462156486,Right_Thumb,0.39305278533852545,0.9302116860436248,0.002236406285537486,0.014859471638055333,0.05960686236193176,21.484630772297724,Right,0.8514052836194467,0.12977445592382916,1
326,A,0.5339999565931989,0.6071824365120582,Left_Middle,0.5103960089052187,0.5798220433349945,0.039492330386229124,0.05352925948110518,0.05909556815572713,15.317889659928618,Left,0.46470740518894815,0.12463844752751005,0
327,S,0.3641790847410853,0.7804126730942857,Right_Middle,0.36349241193587606,0.7295573843077594,-0.0013964666266653367,0.0508790923282029,0.024399179425021345,19.110090256682383,Right,0.491209076717971,0.16165175149545252,1
328,U,0.36870495219638494,0.9107013042721065,Left_Index,0.38426171023476097,0.8919801883506601,-0.04049702817434906,0.04724936182598484,0.02241212952242285,23.86416607790087,Left,0.5275063817401516,0.14717435091983538,0
329,H,0.8381374683049934,0.7464595227251578,Right_Thumb,0.8521347761596487,0.7612169059514174,0.01109864038978612,0.023170774811526646,0.03386059742700228,15.380723801924066,Right,0.7682922518847335,0.12467039492720398,0
330,D,0.7605377835600902,0.6886662373924246,Right_Pinky,0.7637619066272838,0.7057934563794553,0.038669087486628256,0.04241503184993059,0.025616360971612764,16.54255747090883,Right,0.5758496815006942,0.20125714509560072,1
331,U,0.42250234959601674,0.7956931385905772,Left_Middle,0.4366629883419481,0.7643757023313693,0.020935015414640795,0.04024401041091172,0.027987332726025195,23.28440629024757,Left,0.5975598958908828,0.16891344510714107,0
332,U,0.642927046583081,0.6208012622509284,Right_Thumb,0.6578365540085762,0.6541136601723931,-0.030141074318357632,0.04733385287522734,0.021103802626412854,23.81795012538959,Right,0.5266614712477267,0.16573195827105924,0
333,H,0.1519951388245505,0.8498691602389297,Right_Ring,0.13475707634060238,0.849092463087718,0.049647956521099545,0.052561141952836135,0.025322775031372237,19.028703233019485,Right,0.4743885804716387,0.12901394693015789,1
334,D,0.512337678978394,0.7499954833492154,Right_Middle,0.5152904212600844,0.7403561551397856,0.039031873724551455,0.04031280816019298,0.04711448477579297,22.37691709247411,Right,0.5968719183980702,0.15480181204892876,0
335,P,0.1666356143137957,0.8125622186450484,Right_Ring,0.17755388071030725,0.8119195167328878,-0.012973673518800875,0.016968730401109078,0.04517378434977969,23.68509795069533,Right,0.8303126959889092,0.20079657792931882,1
336,F,0.3485047948743387,0.640223506122313,Left_Index,0.33172968076181886,0.5874768500658295,0.0029885698731377808,0.055430548693979766,0.03316728741538805,23.713055815605117,Left,0.44569451306020236,0.12161829071462321,0
337,O,0.39426103498117926,0.7802096012620827,Left_Pinky,0.39505578875803454,0.8023326349730301,-0.04220631192337773,0.04765955329537822,0.046181639233729366,18.234878918623963,Left,0.5234044670462178,0.14874994723511034,1
338,F,0.5457543782223916,0.70642593053048,Right_Middle,0.5256971504679766,0.7314145280182647,0.03879220579679975,0.050314586554797994,0.054705890743324825,20.686291697025,Right,0.4968541344520201,0.17038615851389147,1
339,I,0.2772782842119519,0.8585393735953026,Right_Middle,0.27720682608175395,0.8677621889384292,-0.019984378540772608,0.022010016237583155,0.057999807289424166,15.703745742479795,Right,0.7798998376241685,0.14150083918924322,1
340,S,0.3276655134481199,0.8603660672413213,Left_Pinky,0.36780381295899717,0.8541141983511248,-0.03613739003600536,0.054369843763427135,0.025964874956201103,15.798401516941182,Left,0.4563015623657286,0.17498679763506822,0
341,O,0.616082562290909,0.7376027546963368,Right_Pinky,0.6738283566590116,0.7409703373560765,-0.014041118090486353,0.059523695931993005,0.051207813916944595,19.03621494496906,Right,0.40476304068006996,0.16788792134709885,0
342,T,0.7283377645614497,0.8294749468686663,Right_Middle,0.7263113048608048,0.8194711093780292,0.04773759669737483,0.0488166103073393,0.029101004721164052,16.620529817463634,Right,0.511833896926607,0.16448328594695244,0
343,G,0.631571281128499,0.7155393182179649,Left_Middle,0.6039350698602876,0.7139950551999418,-0.01909333243542031,0.0336258868287444,0.024661434938770817,15.478336804608535,Left,0.663741131712556,0.12903301726230543,0
344,Space,0.5020753651713112,0.8835462376774492,Left_Pinky,0.509600159048864,0.8947074938308189,-0.0051655640496805905,0.014418016984736205,0.023803040562320653,24.487765267392266,Left,0.855819830152638,0.19567593003515593,1
345,E,0.4324208047736963,0.7292951804481416,Right_Pinky,0.4610130815200632,0.7563424611888544,0.04914672321150031,0.06296406981315289,0.024641725543315274,19.243771283966854,Right,0.3703593018684711,0.1946331514026901,1
346,A,0.5820750822512829,0.8407526443671339,Left_Pinky,0.580418784566422,0.8562862242044272,-0.011430533612795876,0.019356976087594287,0.04510057032456161,16.691814179932624,Left,0.8064302391240571,0.17224526405488022,0
347,L,0.15610176650955543,0.6054381078324969,Right_Index,0.16136744940863246,0.5884813811124918,0.027620968501660556,0.03283558890015968,0.05038705453970782,16.286775088579162,Right,0.6716441109984032,0.14081221906924332,0
348,L,0.7220608791651497,0.646795125322891,Left_Pinky,0.7271624900838798,0.6753789292769562,-0.003737379898296797,0.02927504553292333,0.04708074308942875,23.06625456556747,Left,0.7072495446707667,0.20747745575376167,0
349,J,0.5941582008537606,0.8399055059725741,Right_Thumb,0.5797029352363313,0.8620145564252327,-0.04711664809388497,0.054016139658361675,0.021614690213362008,19.87787867565648,Right,0.4598386034163833,0.16238707567537058,0
350,D,0.43172764906980543,0.8065393279411488,Left_Index,0.4189030609469494,0.7953723431136465,-0.0073725073039762265,0.01853444022909109,0.04383812107598932,22.542827617610982,Left,0.8146555977090891,0.13621778950967423,1
351,Y,0.4438092794481391,0.7478744961726118,Left_Ring,0.41880220448981154,0.7672364777744595,-0.027507579450151722,0.041915475146157045,0.020816833171791803,17.334487081508406,Left,0.5808452485384296,0.1973692601751742,0
352,D,0.6886369678603231,0.6521089897421792,Left_Middle,0.6619627185706268,0.6667416280073004,-0.024943011223166747,0.03934187955151323,0.05919494028815643,19.778882499197103,Left,0.6065812044848677,0.21897548672460437,0
353,Space,0.20130923302687198,0.8661855148340849,Right_Pinky,0.18690356419467966,0.8490511751765317,0.00902125434636162,0.024134869379902293,0.05139999057681363,20.68230233507657,Right,0.7586513062009771,0.13646929584987255,0
354,Space,0.5121191718980064,0.7974713129668178,Right_Index,0.5170594843031667,0.7827845317903257,0.00560761247985072,0.016478881810090225,0.027880667673367228,20.606317770996228,Right,0.8352111818990977,0.15149956512282392,1
355,A,0.5000159984462405,0.6149051660760243,Left_Pinky,0.4610729141707345,0.588417605793654,0.044657319491738554,0.06490324219011384,0.03565659141800864,16.245294893305157,Left,0.3509675780988616,0.17105232498004813,1
356,P,0.6837449962226272,0.7308737836534643,Right_Ring,0.6743910414081992,0.7406544399531635,0.03679628005908235,0.03920617214814049,0.02423518994365772,15.631254894322174,Right,0.6079382785185952,0.13187042501758697,0
357,A,0.5864059988855295,0.7218690111530107,Right_Pinky,0.6167085289280232,0.7274276759915363,0.04074892138130769,0.05108440736177029,0.03338032821945264,18.681137165367204,Right,0.4891559263822971,0.2165675604334273,0
358,F,0.47340767898593206,0.7985803362943286,Left_Index,0.5131767511874648,0.81571514821827,0.043833589575322365,0.06161626780727127,0.028259229185954762,16.45745691657458,Left,0.38383732192728726,0.21889499614966243,0
359,D,0.6210973509726722,0.8310568778849355,Left_Middle,0.6106456970515729,0.8392953617363643,-0.003390867616294334,0.013733450733443358,0.05464174290085577,21.448026725608102,Left,0.8626654926655664,0.2099949931050319,0
360,D,0.4816577419609391,0.8828199836153945,Right_Pinky,0.46407665138247167,0.8977915956168455,-0.030390450319107767,0.038168355773447,0.05571926256786228,22.483124658050226,Right,0.61831644226553,0.14287231220096236,0
361,R,0.4877488066784294,0.829241658015809,Right_Index,0.4717586813085371,0.8210356629874239,-0.012950897436069912,0.022152837474020245,0.04508468115995706,15.826170148537344,Right,0.7784716252597975,0.1291059590738254,0
362,E,0.448763214840183,0.8151255344073045,Left_Index,0.4398484752080246,0.7864682642373931,0.010547237542979114,0.03181125486503945,0.032743798760124995,18.33261048025859,Left,0.6818874513496056,0.14108856735961303,1
363,O,0.560404767701509,0.7385383340329359,Right_Pinky,0.5567342612388686,0.7285475263217355,0.0031415442328031756,0.011097664465153286,0.05189145067358972,15.069162303412897,Right,0.8890233553484671,0.1719238830125937,1
364,T,0.5254611703671539,0.7841451692044216,Left_Index,0.5466899586518335,0.7496655350349382,-0.04590053884249771,0.06120756563145439,0.0501722882094095,23.53731750123842,Left,0.38792434368545614,0.1548353188140943,1
365,F,0.40962053433491724,0.7669208027444687,Right_Thumb,0.38225125710370156,0.7977851172112165,0.04100259581824643,0.058162669363569584,0.050748858033319924,21.262598234637526,Right,0.41837330636430414,0.15527152614199985,1
366,A,0.6778691656770546,0.7064321348507353,Right_Middle,0.6763161217323324,0.7238424371641402,0.046953583429717935,0.05010159247997885,0.030892462653257898,16.459395380416513,Right,0.4989840752002115,0.1717913165875345,0
367,P,0.5635573047588222,0.7583060282801252,Right_Pinky,0.5631170723285474,0.8112111273226831,0.04914100168473329,0.07220790369394813,0.02281270515228451,23.13846825407959,Right,0.2779209630605187,0.1430685327496652,1
368,U,0.4932020476406083,0.740386313981735,Left_Pinky,0.5058583709134076,0.7599677316253458,0.008071875768266498,0.02467325706382193,0.051146458724292354,22.587834596060922,Left,0.7532674293617807,0.18540992115192167,1
369,E,0.5473246423502425,0.6655735110378684,Left_Index,0.5423669802783375,0.6468702751335739,-0.004745364881660982,0.01992254839047956,0.03921942304441513,22.858073383763223,Left,0.8007745160952044,0.21572269536019917,0
370,P,0.3520978083752909,0.7435388227412704,Right_Middle,0.3305455629310006,0.7422791446779251,0.03821870965004774,0.04389482702812323,0.03014872391160075,20.257215264145046,Right,0.5610517297187677,0.17532870817629662,0
371,Y,0.4127213484022836,0.6977320291032677,Right_Index,0.4458095694634822,0.7129856828028691,0.04037217876997469,0.05438213992495061,0.049439024269460105,19.96529241465281,Right,0.4561786007504939,0.15846203697590114,0
372,K,0.31583939063094646,0.5785984579749714,Right_Ring,0.33638450795353414,0.586043953612572,-0.01726697043250921,0.02785113137747852,0.05968918295036675,16.62525301259814,Right,0.7214886862252148,0.14476373429312386,0
373,G,0.37088961397712916,0.7979407529188277,Left_Middle,0.33906338501345523,0.8291063526641396,-0.015658046538139257,0.04721628827982685,0.040011429129642624,22.832368508239213,Left,0.5278371172017315,0.20463367288775997,0
374,K,0.3686815262220242,0.8287068315026567,Right_Middle,0.3710536114078056,0.7934302806264714,-0.01947938109772729,0.04036716633353385,0.03855226715862924,16.572062215199086,Right,0.5963283366646615,0.172712087335362,1
375,D,0.30972905618557917,0.8696337863226619,Right_Pinky,0.2907899648121281,0.8939446591495107,-0.028290018268630146,0.041833393996836714,0.03850776745459009,15.081313357785685,Right,0.5816660600316328,0.14545408131600868,0
376,T,0.5701180708480122,0.6839177818449137,Left_Index,0.5530769355502722,0.6744929733402473,0.026779504317242506,0.0331114656737319,0.03804872898803176,16.43855184881353,Left,0.6688853432626809,0.2092666748579408,1
377,F,0.6458559638252578,0.7878147359949853,Right_Thumb,0.6405002057423055,0.7636858422351755,0.007356118031386638,0.025787596460449484,0.04073951511230149,19.218844036766022,Right,0.7421240353955052,0.12760890544139786,0
378,R,0.38312843401137175,0.7261536479456439,Left_Pinky,0.4050730304265432,0.735251248644005,-0.007000359191102631,0.0247656350432617,0.05746314126272274,22.399995237903905,Left,0.752343649567383,0.16039408355890758,1
379,T,0.6348365858741184,1.0,Left_Ring,0.6261241827161009,0.9918054544937597,-0.047699583678634874,0.04917628318566549,0.05203058417491116,18.981288659129643,Left,0.5082371681433451,0.16760357495719985,0
380,Space,0.5792144044113738,0.7542655557262797,Left_Pinky,0.5749126428792077,0.7618099155822922,0.044972168877861735,0.04580304019926572,0.022880501739789845,21.024659926929356,Left,0.5419695980073428,0.2117869800958714,1
381,F,0.7888453409736879,0.7542721960105366,Right_Middle,0.7756133661035113,0.7342268022067121,0.025365060084440838,0.03493263867506555,0.03232880143014846,21.924230714573998,Right,0.6506736132493445,0.12500218322460574,0
382,R,0.3581254739682882,0.5988105693289749,Right_Thumb,0.3191752198179528,0.5857744019216037,0.02328859581473086,0.04721676242681857,0.035362158389352416,18.377873092993077,Right,0.5278323757318143,0.13987585233459382,0
383,D,0.747079352707312,0.9370517990894579,Left_Pinky,0.7472636792886257,0.9364291988386781,0.01461822665373827,0.014632640153469018,0.023565131960231068,19.799397586066444,Left,0.8536735984653099,0.18043773388625323,1
384,U,0.45520174628135734,0.6220838396028798,Left_Middle,0.4659947276913201,0.6423859633142125,-0.007532159780785384,0.02419500167119934,0.03962228587773138,22.95891972231056,Left,0.7580499832880065,0.21232187926852963,0
385,I,0.5062072626387714,0.797233006023818,Right_Middle,0.4949717506338425,0.7873704207079255,0.014251918314311024,0.020654890335316513,0.044874003868948686,18.195836392139352,Right,0.7934510966468349,0.19787465541728982,0
386,H,0.5475982825187264,0.5162646078281986,Left_Middle,0.5493923000575691,0.5248049123474705,-0.04938435569254566,0.05014947544470867,0.04521491532576985,19.396444711334325,Left,0.4985052455529133,0.2065731700368464,0
387,Y,0.5575176643149213,0.6457377452406095,Left_Middle,0.5851202562396246,0.6620588906444914,0.046018254422857494,0.05608888132583137,0.025827137650593607,18.421712706434434,Left,0.43911118674168637,0.14871801739675192,0
388,H,0.2105854672853983,0.7066210542332891,Right_Thumb,0.1985244236820538,0.7100009327374796,-0.009844297417817782,0.015931181473930897,0.05529935690533885,19.2320877624435,Right,0.840688185260691,0.15627242505261493,1
389,R,0.4526869227362141,0.6144535719027538,Right_Middle,0.44084307476715767,0.6424935075089774,0.04920172520236281,0.05785606698008522,0.025817838126086047,17.38269124853602,Right,0.4214393301991478,0.21407180873027976,0
390,H,0.5163420719192341,0.7437075764830757,Left_Pinky,0.5203219741431209,0.7713547296546709,0.032340305003588754,0.042732891640169766,0.02098759151487192,19.884991014546447,Left,0.5726710835983023,0.16972939062137946,1
391,E,0.5574630081808744,0.8008434472624695,Right_Thumb,0.559738206082899,0.7895299477406108,-0.0414049804069333,0.042983068752975334,0.029831433397389362,17.82878811481664,Right,0.5701693124702467,0.12106880322969257,1
392,H,0.6013144283072753,0.5661610808153096,Right_Index,0.5975822854859099,0.5509721223212831,-0.045902353243422706,0.048493910787399765,0.05757197781307706,22.070588754125474,Right,0.5150608921260024,0.14992724338973176,1
393,H,0.4812471356043744,0.8921156287445968,Right_Thumb,0.47443131204727407,0.9013800370091697,-0.00419266793072702,0.012241861608087077,0.0500100783547701,15.203496254140855,Right,0.8775813839191292,0.1841628342265476,1
394,Space,0.6488375330466282,0.8200431356869609,Left_Pinky,0.6374351008645687,0.8171702256916473,-0.03851996969083247,0.04027477047098209,0.04832802903937242,17.562772928154196,Left,0.5972522952901791,0.17882136493989528,0
395,O,0.6538546140116438,0.6706100381044,Right_Middle,0.6719529980519083,0.6703629042474558,-0.023005616116526365,0.02927235817137266,0.057968593880274796,15.82111674238315,Right,0.7072764182862734,0.1542814581273286,0
396,Y,0.37961847893535317,0.9500642784872226,Right_Middle,0.37929460670965365,0.9507430162757454,-0.013577761745555729,0.013598573168653575,0.044641513834186464,15.477927605494578,Right,0.8640142683134643,0.13469388327742035,1
397,K,0.6509673322576078,0.6001667835194427,Right_Index,0.6214772617381398,0.5966675007989298,-0.027617704445618355,0.040554245618021394,0.05551792918783695,21.799947599258022,Right,0.5944575438197861,0.1341731357344622,1
398,Space,0.8370794747543324,0.6678455382870208,Right_Middle,0.8313735005643789,0.6415202175213166,0.04974077016305255,0.05656611062541996,0.05258182890277151,18.117173812283376,Right,0.43433889374580037,0.15312961028232572,0
399,A,0.6412207161791822,0.673534660352064,Left_Index,0.6134704628935266,0.680831554723845,0.011339783210716624,0.030853069671541933,0.05158691625768434,20.017281590940854,Left,0.6914693032845807,0.18966822236423503,0
400,P,0.4665284118562572,0.8815491990899627,Left_Pinky,0.45531736441138126,0.8451960243026886,0.045881329980189,0.059601487755561504,0.03103584458016785,15.74424542338011,Left,0.403985122444385,0.20838127264844925,0
401,A,0.47819555946055853,0.7740969866717206,Left_Middle,0.4651969919515276,0.7738205950611182,-0.029329761578589932,0.032082301411622216,0.04157113846665554,21.185087167047172,Left,0.6791769858837778,0.20555061282750003,0
402,G,0.4680912176104782,0.8934423524451116,Left_Middle,0.4861667228162541,0.8704154726769542,-0.03989244528733359,0.04948098898874307,0.03583720355181885,22.449453205262998,Left,0.5051901101125693,0.1329080949052966,1
403,J,0.4439755877499447,0.7994928353448182,Left_Pinky,0.44288593552226974,0.7988613937413945,-0.034327168836627564,0.03435026318405939,0.02212407405054428,16.815295855904136,Left,0.6564973681594061,0.17183041133904314,0
404,R,0.49118377233736454,0.8443576822162169,Right_Middle,0.49317479358978134,0.8261675383764633,0.04838090334906185,0.05172578957744159,0.05945899578298888,22.73321190788711,Right,0.48274210422558417,0.14691707755134217,1
405,I,0.6638790314721095,0.8547066839507886,Left_Middle,0.6219568828052455,0.8891564043926896,-0.015548980336922424,0.05644484544127809,0.05154059274154163,16.246138029150416,Left,0.4355515455872191,0.1911243914415322,0
406,D,0.8301340947398435,0.6400220008122908,Left_Ring,0.8265017206507831,0.6546197409886185,-0.015826558017125757,0.02183502000108766,0.04961727641451767,21.444510297297487,Left,0.7816497999891234,0.20195436237618825,0
407,U,0.4412275912657074,0.8626378583826065,Left_Ring,0.45499199566379905,0.8796715453174222,0.02324567450225909,0.031936917542125035,0.024115486194465137,15.92590249401579,Left,0.6806308245787497,0.1849989078201889,0
408,H,0.41408020694003234,0.6159900167345701,Right_Ring,0.40501742408476654,0.6262591124485397,-0.019087331973004495,0.023492862782386662,0.030818302854412994,18.5981894447618,Right,0.7650713721761334,0.15863991995343044,0
409,J,0.39775159426109574,0.7755042403472729,Right_Pinky,0.3734019677206837,0.7454336425721196,0.003980265535029746,0.0388971422721765,0.048979928604791625,18.67902877484752,Right,0.611028577278235,0.15063976813333324,1
410,P,0.7531082658542991,0.760184507643788,Left_Index,0.7838996473649474,0.7034056736576242,0.005921085907125145,0.06486142476451005,0.0569950829967356,18.473842013592183,Left,0.35138575235489944,0.20767057407274706,1
411,S,0.6507399358947438,0.484875006172277,Left_Pinky,0.6614087974811317,0.4966401378951502,0.004254303444890216,0.016442081066801287,0.052130734559467984,19.815729306679664,Left,0.8355791893319872,0.19213509656030492,1
412,U,0.42151112533456075,0.7123566394847207,Right_Pinky,0.3874699467597299,0.7096975195394032,-0.032182759971447095,0.046921240361129476,0.027833108428475486,15.327634744015441,Right,0.5307875963887052,0.21006273711853685,0
413,G,0.7350799030355305,0.7379130022970358,Left_Middle,0.7512575575459959,0.7245986024081925,0.0074898844438105044,0.02225057569685886,0.0556284787842542,21.53629583986885,Left,0.7774942430314113,0.18406729652701254,0
414,D,0.5798370303566984,0.6426097130759395,Right_Pinky,0.5700061653192324,0.6346150025705966,0.014491766965215397,0.01925026267933039,0.058492029550357275,15.214703153657906,Right,0.8074973732066961,0.13534566675850038,1
415,Space,0.37832603837953593,0.8165963333057994,Left_Index,0.3791295433415874,0.8369283163637375,0.01151942156168153,0.02338230588304025,0.04498526481367399,22.19411187433036,Left,0.7661769411695976,0.1587303985168363,1
416,F,0.6545802619052379,0.706889287172684,Left_Middle,0.6763036119411268,0.6808349610721547,-0.00654862534205404,0.03454875307742765,0.041865071249518854,22.406156685941077,Left,0.6545124692257235,0.1531617067795068,0
417,A,0.3311413537406912,0.43298750932397834,Right_Pinky,0.3238365357610908,0.4211787147345248,-0.013017125248039628,0.0190329594412995,0.04397162900911378,16.602193085941835,Right,0.809670405587005,0.2054477916836583,0
418,P,0.42703948628458505,0.9108768870311432,Left_Middle,0.43842284504186435,0.9085576422156009,0.04155135214315568,0.04314480986208973,0.04545147109384548,20.19783071374885,Left,0.5685519013791027,0.18338046660910176,0
419,F,0.6587017858593913,0.8784952726015107,Right_Thumb,0.673482552948963,0.8541180515714587,0.01865004168115994,0.034066758513442076,0.031504843433563905,23.851589488233717,Right,0.6593324148655793,0.1498783956144304,0
420,J,0.22647309733833676,0.7870775332743605,Right_Thumb,0.19879281038906374,0.7653037844787802,-0.017136133013659384,0.03916556493744158,0.04057899122691577,20.90811826737534,Right,0.6083443506255841,0.16854846089142658,0
421,T,0.42639067273021847,0.6416966077757512,Left_Ring,0.38625210084139966,0.6549393335096757,0.04126384768064606,0.05906928020172059,0.04125282031449292,17.73130942698721,Left,0.409307197982794,0.16130064405191893,1
422,Space,0.45360453118583327,0.8751286839854118,Right_Index,0.47465979025535693,0.8756528245069065,0.033513089269079796,0.039581887399773426,0.03508999292278837,19.27090268780538,Right,0.6041811260022658,0.14672239347525604,1
423,U,0.46137504068528556,0.827162307605745,Left_Index,0.44160441769628395,0.8049312327950133,-0.01958070646196656,0.03561603973160531,0.052792427164371325,15.248485291405842,Left,0.6438396026839468,0.21244538118937578,0
424,R,0.642334569369678,0.772451708017336,Right_Ring,0.6610577977691529,0.7664243839435468,0.0367783324862941,0.04170771700371257,0.045680071906089775,16.628944356285082,Right,0.5829228299628744,0.2194681104803745,0
425,G,0.6712137645741009,0.6961061046033293,Left_Ring,0.6770782463678509,0.6918845595130353,-0.021599869186003564,0.022776477745935105,0.05838652621841037,15.79865855249018,Left,0.7722352225406489,0.12413051427871116,0
426,R,0.46605453906412225,0.845888502880261,Right_Middle,0.4913437118693932,0.8387480851557274,0.03506331188328492,0.04381739000305925,0.03963560813427039,18.332952583432096,Right,0.5618260999694075,0.13150099281261846,0
427,E,0.4856140522651231,0.8423895813649658,Left_Pinky,0.4546448728243725,0.8620971946223928,-0.04909939484780486,0.06130440987366544,0.037696134588352165,23.17865659183105,Left,0.38695590126334556,0.21531860203089992,1
428,J,0.4526341085573324,0.7831670826099154,Right_Middle,0.45904207849902906,0.7756268775513423,0.04847304936480268,0.049472752963844825,0.05869325345793183,17.964920116507876,Right,0.5052724703615518,0.15328457385836622,1
429,Y,0.45891193994585217,0.8083717940347284,Left_Index,0.47753895875946994,0.8014397596914771,0.003758014489498848,0.020227249020125532,0.035528826948072925,21.62251480497117,Left,0.7977275097987446,0.14516162991553466,0
430,P,0.4505455088466385,0.6866276195773853,Right_Index,0.45668232297931316,0.6933115805106085,0.0399742830183477,0.04099120789006846,0.030131693934031974,23.34579957942403,Right,0.5900879210993154,0.16751597077943625,0
431,U,0.37371413049288416,0.6071125908271998,Right_Ring,0.3644763569635199,0.6225802984408673,-0.02201578554065552,0.02844786901639323,0.026797031868893772,23.780564666052214,Right,0.7155213098360678,0.1542306409885191,0
432,L,0.3843504540176063,0.7559997562023714,Right_Ring,0.4115957360232501,0.7009373394307925,0.041330677515311026,0.07404323085987498,0.05754886779671928,17.078087846300633,Right,0.25956769140125024,0.1530941376927165,0
433,I,0.5951639045016824,0.7210174787898789,Right_Index,0.6137015736280728,0.7227500171496765,0.011520538141899447,0.021894512209379203,0.03809869552863679,21.68598936671823,Right,0.781054877906208,0.17364317824422995,0
434,G,0.44395592562055103,0.9567679989539027,Right_Index,0.4566076369584724,0.9875522369364269,0.019538268213431714,0.03859376935105935,0.04920120764089028,21.915622176935557,Right,0.6140623064894065,0.12866734257697035,0
435,G,0.6926521899510332,0.612268613608582,Left_Index,0.6897039742464031,0.6074913903322439,-0.009837677686978664,0.01132668267172221,0.023667863640904802,16.554848230143904,Left,0.8867331732827779,0.1949814846632452,0
436,P,0.5983215616456167,0.6850399174722721,Right_Middle,0.5964714326142179,0.6888912599208767,-0.02895213993138576,0.029265717532563428,0.03424630816697784,17.53127739620259,Right,0.7073428246743657,0.1522164294482021,0
437,K,0.5701620022639099,0.7331152893668135,Right_Thumb,0.5488105082002062,0.7053596994192042,0.014810276248539325,0.03802109091872896,0.03878604400043936,17.811352667629624,Right,0.6197890908127104,0.18432437435934618,0
438,R,0.5224349806834377,0.9085254494794589,Right_Middle,0.5569749170821285,0.8812979676019689,-0.013269549917372482,0.04593935057033668,0.03257052262584235,20.051927797638673,Right,0.5406064942966332,0.14047265410671456,0
439,R,0.5017640877050891,0.8681498388001326,Right_Pinky,0.4905056161497729,0.8397087670965865,0.01588738825312655,0.034468200517487134,0.02315981893418411,19.65807339881525,Right,0.6553179948251286,0.17492752883901197,0
440,J,0.6071900219457411,0.7807657061349929,Right_Thumb,0.5870560447709677,0.7348648442658909,0.001629954337960128,0.05014900705242832,0.044202902000898686,18.238302429455764,Right,0.4985099294757168,0.1275669730215172,0
441,P,0.5368011323565194,0.6935802407311608,Right_Pinky,0.5567846348751067,0.7032249182457321,-0.01378541641648924,0.02612274646828837,0.0551276941782126,24.941948386641627,Right,0.7387725353171163,0.19792397004550485,0
442,R,0.4354517507923802,0.6298265406680389,Left_Middle,0.42992303192139497,0.6492561686571218,-0.00877613539332759,0.022024934247133587,0.03773811801711739,21.82682607654892,Left,0.7797506575286641,0.17527705250737097,1
443,P,0.70884262893695,0.7736338542391102,Right_Pinky,0.6830763233449302,0.7545935951173731,0.015802962887269484,0.03572348817375852,0.05068389576893163,17.70290765174169,Right,0.6427651182624148,0.20665641818286057,1
444,Space,0.4899113047456018,0.7934864421781128,Right_Middle,0.5035321255767283,0.8021152658581314,0.002913697256245615,0.016385145404162686,0.02924167061871711,17.210149633722953,Right,0.8361485459583731,0.14303157972273703,1
445,S,0.8202399603956239,0.7438425215275455,Right_Thumb,0.8141193947421876,0.7698617267983271,-0.002187711820444395,0.026818770476112523,0.029895838249849052,22.028747704759752,Right,0.7318122952388748,0.15397803663734744,0
446,L,0.30344960193287696,0.5855463330590964,Left_Pinky,0.2593965521377621,0.585990331941727,0.005740075272450115,0.04442765800030473,0.05415356526652426,17.16039502363312,Left,0.5557234199969527,0.18039918187203202,0
447,R,0.5853944460748095,0.809506474433925,Left_Middle,0.5614272271329808,0.8153213507014486,0.03734835456506934,0.04475645158555691,0.04068957782577276,18.421082844300866,Left,0.5524354841444309,0.18858340541909105,0
448,O,0.5749801415445428,0.792350296648435,Right_Middle,0.5649849634378145,0.7689887269437213,0.01720600296325782,0.03068734368473517,0.044756105359295244,21.75003399094886,Right,0.6931265631526483,0.2177539851482213,0
449,R,0.6040963879954795,0.7753889264073244,Right_Middle,0.6362058078000776,0.7778839099717454,-0.04039543076306465,0.0516626616591538,0.05919540922102244,24.936161253132564,Right,0.48337338340846203,0.1424455058742772,1
450,S,0.5943662683129756,0.7543324153795948,Left_Middle,0.6139963871114412,0.7714422245440327,-0.03506331279001617,0.04367519934122645,0.044371152769167185,19.275507383935697,Left,0.5632480065877356,0.16512108268645426,0
451,F,0.5769197133993996,0.7746748192292469,Right_Pinky,0.5744607536719727,0.7701334343941243,0.02857867446363334,0.029041544264382997,0.022996608802468375,21.922290503478543,Right,0.7095845573561701,0.21048913150916682,0
452,L,0.387766486933569,0.7389582715577483,Right_Pinky,0.41491498741892185,0.7379405060089034,0.022052023214314112,0.034990979597037106,0.02366223525150158,19.907302395908133,Right,0.6500902040296289,0.15012342647326982,1
453,J,0.4756453574175506,0.5419327298304315,Left_Ring,0.4581524996997859,0.5646098415273105,-0.021414876886489045,0.03576099017239554,0.042151956965319794,17.97935872466961,Left,0.6423900982760447,0.15464031484969215,0
454,H,0.4138017179750649,0.7059158150040924,Right_Pinky,0.44567472131543934,0.7284303730195608,0.020247930888269858,0.043963307084699255,0.04669109404719196,17.98989222127251,Right,0.5603669291530075,0.1558626827095115,1
455,D,0.3368758291155332,0.7822077307368582,Right_Pinky,0.37625127692256943,0.7533136911940712,0.044791258950209856,0.06626875801951873,0.05520164491539983,23.70137223362558,Right,0.33731241980481275,0.2047275116280729,1
456,S,0.5951665676211353,0.8082214570904751,Left_Pinky,0.589252114172514,0.828164740748525,0.04611418928318277,0.050588870079361886,0.053880457632865766,16.41943778897084,Left,0.4941112992063812,0.15792868690391493,0
457,I,0.344713469704384,0.597980971500187,Left_Ring,0.36704879153152614,0.600835332688816,-0.023681723187161486,0.03267779050104988,0.026658631296154565,16.5497483180627,Left,0.6732220949895011,0.1241941232510612,0
458,D,0.6077057934709656,0.700787329999426,Right_Ring,0.6076678245943812,0.6877854105360316,0.04881499068104751,0.05051687506723805,0.03131544702828193,16.7278410782841,Right,0.49483124932761946,0.18769990120936114,0
459,J,0.3372332765451776,0.6960596981846803,Left_Index,0.3236816540873385,0.6865063953247251,0.004779182329219908,0.01725551072874297,0.046817541560127546,15.851230173426735,Left,0.8274448927125703,0.1942450274926567,0
460,D,0.41566910438489296,0.7434009769237667,Right_Thumb,0.38134685137679736,0.7633654796384699,0.010205534705573838,0.04099696767840019,0.044064042533076546,24.712949174569616,Right,0.590030323215998,0.19371330355788244,1
461,F,0.5161217258864893,0.6764465958427935,Right_Thumb,0.517346714601046,0.6922835407254911,-0.045532357623493204,0.04822349024409238,0.022561127212732988,16.86035029548324,Right,0.5177650975590762,0.13280912602542339,0
462,P,0.4582789738850835,0.7014357000658835,Right_Ring,0.4372680320943997,0.7057022598811017,-0.041781763502566904,0.046961462594054385,0.044146905948198104,17.407084227406582,Right,0.5303853740594562,0.13026963413326675,0
463,S,0.39061221954929215,0.7515230813439738,Right_Index,0.37691375773847696,0.6974164002414772,-0.03477231836160142,0.06575937134850203,0.032946495290223275,18.971137761064316,Right,0.34240628651497973,0.15915271729307595,0
464,O,0.8829550992273695,0.8313457203226796,Left_Middle,0.9104998449968931,0.8097795745038164,0.03814424460471476,0.051757077404471635,0.059250557262090456,18.011567507236407,Left,0.4824292259552836,0.18377304409964773,1
465,R,0.4829384256349888,0.6487750944276879,Left_Index,0.5106865105750926,0.6455834752725669,-0.03790926179462714,0.04708773492628553,0.039703554107022365,17.456774159082308,Left,0.5291226507371447,0.14361510215603066,0
466,S,0.2702664019677075,0.8173387164243842,Left_Pinky,0.2872794764893207,0.8112457993067811,-0.04224751810875273,0.04595020272022021,0.038536827989682845,24.73178282055343,Left,0.5404979727977979,0.16461340622897333,1
467,T,0.38713055565337084,0.7668465330519322,Right_Thumb,0.37155300479460746,0.7673048202949715,0.007674916914552132,0.01737165701940293,0.05372072145011755,24.767693973407162,Right,0.8262834298059707,0.14700627064996022,0
468,I,0.5304078591931898,0.6476872659261932,Right_Index,0.5336811068728332,0.6328866013033984,0.036303579909012396,0.03934112019069602,0.040861546931148705,23.361873940046856,Right,0.6065887980930398,0.20580687534339281,0
469,K,0.42633812577935215,0.7630711792841469,Right_Middle,0.44771536814836543,0.7795154749123618,-0.03149994488135141,0.041468637276137275,0.03659452813208555,19.362241551330996,Right,0.5853136272386272,0.16058005141340564,0
470,K,0.4639638574844899,0.5217363224816433,Right_Ring,0.4198665877284443,0.49389512887741704,0.025750980129443032,0.058161965569196776,0.05373273474648682,21.1530638172455,Right,0.4183803443080323,0.12206758209694653,0
471,L,0.548629370902561,0.8091756667807775,Left_Ring,0.5755861917222351,0.7933733986443957,0.007804931707898921,0.03220712383810586,0.026262219725294456,23.76221059911142,Left,0.6779287616189413,0.14010512055563745,0
472,R,0.4446695326341248,0.5461967550555499,Left_Index,0.44510476910284646,0.5285877498188138,0.01382500299233011,0.02239190040950162,0.0564577465972258,21.289650574365087,Left,0.7760809959049838,0.1598653971722914,0
473,K,0.2771562288708536,0.658279395100152,Right_Middle,0.2939113555357944,0.6867587846070897,-0.04154287845341603,0.053081264552018566,0.05400059530292693,20.67300163633815,Right,0.4691873544798143,0.13281912898725967,0
474,G,0.7003674601918032,0.7032393977666405,Left_Ring,0.7134735410026545,0.7056809188111189,-0.031831015227704595,0.03451005519638527,0.026154508748703686,20.2182360555362,Left,0.6548994480361473,0.21695611615235488,1
475,I,0.4967505687945223,0.5828548872555348,Left_Index,0.49629678241462144,0.5763747185416586,0.024974277768194802,0.02580529129232672,0.025107622101054966,20.73079703963002,Left,0.7419470870767328,0.1451687993370591,0
476,G,0.4532425992803484,0.7852198341805084,Right_Thumb,0.44376951817923393,0.7828216573425552,-0.016476902385919638,0.019156691518357537,0.03427343865020528,19.77251735563995,Right,0.8084330848164246,0.15221546842016873,1
477,U,0.4382978442150361,0.8617430635915657,Right_Pinky,0.4554468746947965,0.8641593705926596,-0.03308540607036543,0.037343967126702814,0.052409611725187336,23.183634163333146,Right,0.6265603287329718,0.14986018052648653,0
478,A,0.5644477048529525,0.7129731366941807,Right_Ring,0.5646871789716869,0.7001900142706607,-0.044887967312439325,0.04667328118089475,0.023288662642904048,16.223286770348803,Right,0.5332671881910525,0.1806366581294724,0
479,D,0.4706160339776593,0.8217238692273892,Left_Index,0.46348801712141696,0.8302261167018723,0.040185697151526326,0.041689172358952156,0.045457425669289654,20.5698518709306,Left,0.5831082764104785,0.12483725169390548,1
480,Y,0.46622609149985056,0.6846170593700573,Right_Thumb,0.43949749395771476,0.6794304724779044,0.00395158788861015,0.02751242731931755,0.02535938806292351,22.65198088457195,Right,0.7248757268068244,0.17778144661610273,1
481,P,0.5679983934287739,0.7612811578634311,Right_Index,0.5730589517189785,0.7611668823163538,0.017592111867067495,0.01830586542757908,0.03512512445866944,24.027617505573943,Right,0.8169413457242092,0.18168306248887894,0
482,U,0.36902649413448607,0.7379375401082179,Right_Middle,0.35079408858292915,0.7327307999956649,0.010524734099721988,0.021686419314076777,0.05512619942785389,24.45714504550582,Right,0.7831358068592322,0.1325134464558724,0
483,F,0.5898783588094428,0.714571629069467,Right_Pinky,0.5831895040721634,0.7002280368796173,0.026989871439220298,0.03128789821817347,0.021648393606557317,22.56415828418883,Right,0.6871210178182654,0.18196923720593394,1
484,F,0.44299610971945863,0.6187606531689469,Right_Ring,0.449304915435817,0.6562977374471335,-0.0009005012797807521,0.03807419898342348,0.03423238151195401,22.759086185563323,Right,0.6192580101657652,0.20492214496850372,1
485,Space,0.44497359620166876,0.7903392404312914,Left_Pinky,0.4702735524923142,0.7989484182315592,-0.03832312009468604,0.046721165059284635,0.04138469098005587,23.403479114260364,Left,0.5327883494071537,0.18922871364809235,1
486,Space,0.3224662845467591,0.916734688823083,Left_Middle,0.35954022402634916,0.9060810853472356,-0.015293823461771994,0.041495509294823006,0.05052500185266241,17.878388549618798,Left,0.5850449070517699,0.18730640132253196,1
487,F,0.7690243178396188,0.8726164014996618,Right_Pinky,0.8046726401523119,0.9197995054897777,0.02965519052821368,0.06615495832601213,0.03045987624804966,23.489240152862124,Right,0.33845041673987863,0.1211065715287167,0
488,P,0.29691741690418627,0.6164507618481535,Right_Middle,0.2892957077340004,0.643313513260991,-0.03910023171382916,0.04804712253837818,0.051830921004826946,24.80519025935864,Right,0.5195287746162183,0.13285109036104992,0
489,S,0.5850687079907008,0.8129507307187445,Right_Middle,0.5432352430478395,0.8261998475166413,0.026053340669060232,0.05103287611988981,0.0330129585376746,20.085502476824654,Right,0.48967123880110186,0.15645157568118212,0
490,G,0.6096631447631196,0.7344266539691309,Left_Ring,0.5915493732778091,0.7150604974452308,-0.007119560560729987,0.027456235694430963,0.043848868653313805,19.044965372314806,Left,0.7254376430556904,0.16389164471108067,0
491,K,0.43085395482554345,0.650658442334755,Left_Pinky,0.4316924071055303,0.6433719925723037,0.04446486668170918,0.04506572668213299,0.03983797603605295,23.49775258060016,Left,0.5493427331786701,0.19634024284338114,0
492,P,0.6984623520295445,0.7470370868402546,Left_Pinky,0.7217285340060416,0.7514591060028724,-0.027640978147009544,0.03639908172140468,0.03340513743562892,20.075553653377536,Left,0.6360091827859532,0.17463665110074258,0
493,K,0.4522454614189335,0.7351738183125595,Right_Thumb,0.45640436582797106,0.7056340484766682,-0.03446068859689003,0.04557887171061574,0.03271502263121902,23.985884099656975,Right,0.5442112828938426,0.16953181329224887,0
494,D,0.5974113891631005,0.6212576003365968,Right_Thumb,0.5980286358452261,0.6053564528346834,0.047148740045377446,0.04976174407324145,0.04041625357986292,24.891175430397038,Right,0.5023825592675855,0.21041379452040077,0
495,T,0.6301236553488179,0.7578324012880789,Left_Middle,0.6313203204256032,0.7710114845111352,0.018516603408777324,0.02275928038634317,0.04542506744264558,17.005646363626713,Left,0.7724071961365683,0.1696769036916983,1
496,D,0.5031310009051373,0.8995026565311004,Right_Ring,0.5045014006319923,0.865123752589926,-0.007181113414912323,0.0351476232693719,0.04220039853974358,18.009994651055038,Right,0.6485237673062809,0.13474885340094522,0
497,F,0.36703354957116807,0.8347803504577702,Right_Pinky,0.3605842582510056,0.8415801093704844,0.016667200177462954,0.01912133995197462,0.046605143059278084,17.63367649638573,Right,0.8087866004802537,0.14477243936151443,1
498,A,0.5717425918596911,0.807638168238103,Right_Middle,0.5810745808562734,0.8127832666206636,-0.03354148451351556,0.035193596567684934,0.021009426975497424,18.23326019235406,Right,0.6480640343231506,0.16988336733616716,1
499,E,0.5262828883177932,0.6063052442497276,Right_Index,0.5356305391117663,0.5992691078431235,0.01595737170229153,0.019786952836237815,0.0385286873903192,17.50337971475684,Right,0.8021304716376219,0.1817241391094671,1
500,H,0.3443997620857923,0.7465979243443792,Left_Index,0.37340265627580044,0.7520544844169442,0.024936507220886597,0.038636398791808316,0.053240587707858264,15.293412114511101,Left,0.6136360120819169,0.20626521403002507,0
501,S,0.34593407167701906,0.8542086377000934,Left_Index,0.3507761685218813,0.8449837747253162,-0.025106893606850613,0.027182717033883065,0.02533523085566842,20.13195092717552,Left,0.7281728296611694,0.15081456867809478,0
502,A,0.6986485167146516,0.945841332523078,Right_Thumb,0.694152776520446,0.9439581185569508,-0.02545430936588068,0.025916790696958843,0.04783636542619153,15.368921278936044,Right,0.7408320930304115,0.14671256211383454,1
503,E,0.35697330648857933,0.802866564476866,Right_Index,0.3614442086258189,0.8149492184989787,-0.005580179658796147,0.014039868203202348,0.032326585935407555,20.282395243367343,Right,0.8596013179679765,0.19432103570218756,1
504,A,0.4390971019799367,0.8709607702793082,Left_Index,0.4630457370058234,0.8666592580864646,0.04501560600734342,0.051170742724301777,0.0504475660646025,23.49529764783911,Left,0.48829257275698223,0.2195761863631539,0
505,A,0.4090613534868719,0.7624529138211021,Right_Thumb,0.4216565617052541,0.7724459218016032,-0.0314542439625171,0.03532518848946605,0.044959434600169275,18.12706446673407,Right,0.6467481151053395,0.16369250769554586,0
506,E,0.4503911325250166,0.7969601173616663,Left_Pinky,0.4282400707136255,0.8080703593958357,0.04780213120890926,0.053843762550026826,0.054685986509364945,17.62293159021184,Left,0.4615623744997317,0.12793996897589277,1
507,D,0.5266348063338222,0.86076409467197,Left_Index,0.49459932443468113,0.8670860226122177,-0.03691134737704051,0.04928170490740387,0.05426952076914199,16.641258206472372,Left,0.5071829509259613,0.20730306327268644,0
508,J,0.5088890382446747,0.634561996161838,Right_Thumb,0.4979431770663943,0.6269400679327699,-0.001276292009961523,0.01339905176338765,0.05833124282577623,17.113102961498697,Right,0.8660094823661235,0.12168767496702491,1
509,Y,0.5742257406435614,0.8233488350835703,Right_Ring,0.5633644664208739,0.7868108636631324,-0.04711600650624203,0.06060452707807721,0.05726282359270052,23.34860414087943,Right,0.3939547292192279,0.12371569933720288,0
510,Y,0.5498261924559912,0.8183058196688925,Right_Pinky,0.5273925065190737,0.8336756135560971,-0.019610724412580084,0.03352732230342244,0.05426771084168701,23.032686535029562,Right,0.6647267769657756,0.18474136289057544,1
511,O,0.44650626938089055,0.7260252640142586,Right_Middle,0.4384742975737774,0.7454299264452429,-0.022007382280515145,0.03042003238018402,0.03965867953122606,24.661471622185754,Right,0.6957996761981597,0.13201989364932476,0
512,O,0.7270579534203749,0.7825378975520356,Right_Thumb,0.7159194284146028,0.7736132763466611,0.031179346160007934,0.034290920517379433,0.02362962224660476,23.56923262321413,Right,0.6570907948262057,0.15788214743701326,0
513,G,0.39536578158168517,0.6427525814488347,Right_Middle,0.38283397608871206,0.6370476229895989,-0.020595649774659965,0.024774452356727653,0.04855373691146904,23.111584990448918,Right,0.7522554764327235,0.13554212935391902,0
514,D,0.5138794781253287,0.5202812093224876,Left_Middle,0.5395445682284838,0.5006284385335908,0.004760447086474107,0.03267399740079413,0.04806836448342669,23.70601284960344,Left,0.6732600259920587,0.1797418458129435,1
515,T,0.557338820418036,0.7071928916117786,Right_Middle,0.5711784345919243,0.6996939427842117,-0.011977647410038109,0.019779615554397164,0.032870407365184394,24.156801433446688,Right,0.8022038444560283,0.13445261165267583,1
516,I,0.3172388877777329,0.9828348454907185,Right_Pinky,0.3017443688040027,1.0,0.03344279400687038,0.04065886273053831,0.04968309290724058,17.00935182177078,Right,0.5934113726946169,0.14794669328303164,0
517,O,0.533772662726555,0.7466672026290894,Right_Thumb,0.5340240506560064,0.7496399482833598,0.038276856324273786,0.038392943917927885,0.035943515819838005,20.74298354803209,Right,0.6160705608207211,0.175052867538416,1
518,F,0.4798179485439154,0.8441974501835934,Right_Index,0.4489215241943543,0.8443696204135056,0.007099088008624646,0.031701983072521145,0.023384531664647296,23.515846713807967,Right,0.6829801692747886,0.1414594153129479,0
519,G,0.11061185706450533,0.7169097457053883,Left_Pinky,0.11558946199759444,0.7163145385802041,0.0006362534214900753,0.005053280202812924,0.024593869531294582,15.803043612901698,Left,0.9494671979718707,0.21893368838031937,0
520,E,0.27154160700498964,0.7990076869169683,Right_Thumb,0.22895010019907866,0.8506646238364304,0.02983881604354212,0.07329959431524563,0.03718273503249021,23.455731991905267,Right,0.2670040568475437,0.1583910874122716,1
521,O,0.5814335013964617,0.7992445336781844,Left_Index,0.5955201638648978,0.8226355121818179,-0.025445943131167825,0.03732382559025425,0.05820534770221043,18.953432777294267,Left,0.6267617440974574,0.19871488830901252,0
522,O,0.3323260670597032,0.7654736511066014,Left_Pinky,0.29485895355826014,0.7867677687628793,0.018193118069988495,0.04677834526784768,0.036247206127650644,16.924022142141915,Left,0.5322165473215232,0.13522134064332036,0
523,A,0.629808069320434,0.7936152967841075,Left_Index,0.6555990002069554,0.778067234330771,-0.034296082872662545,0.04564138103141395,0.03921000194842576,20.171545560066033,Left,0.5435861896858605,0.21579830093636665,1
524,Space,0.4710824914235044,0.6478635320917328,Right_Pinky,0.49764145114602665,0.6506277610939449,-0.04230585552792324,0.05002803929266811,0.02382716101182914,17.092705118103424,Right,0.49971960707331897,0.12571532867001783,0
525,U,0.40790364876597884,0.7093339485604548,Right_Ring,0.4370341477549593,0.7189449377678194,-0.023569710958188064,0.03868447181419956,0.02730084876763447,24.39840854481642,Right,0.6131552818580044,0.17685626369510915,1
526,J,0.5179372651893781,0.7358779335388903,Left_Pinky,0.5146458580677166,0.682018929795101,0.01632563159920969,0.056375099930972575,0.02090942215433056,19.064058698151207,Left,0.4362490006902743,0.21587344108697237,0
527,K,0.716922684707419,0.8537651614948494,Left_Index,0.7073990649046704,0.868794977283527,0.026903982930406994,0.03225552657000841,0.028071509940857706,18.509037679496572,Left,0.6774447342999159,0.1434322410631259,0
528,K,0.4653189924338895,0.860145161284356,Left_Ring,0.46849783791368915,0.8593087578337333,-0.00123420067727463,0.003511108176693127,0.0467490711749612,19.46410864913729,Left,0.9648889182330688,0.15078939716624495,1
529,G,0.4886237628225801,0.5435613792730581,Left_Ring,0.5143163398678535,0.5507545351393406,0.00706208371950371,0.0275993302999407,0.03074692048979919,19.473305151965395,Left,0.724006697000593,0.1555750755627159,1
530,P,0.2951499699440985,0.7926550336102542,Left_Pinky,0.2678017580036004,0.7522654558162352,-0.04236374279742943,0.06460595479155365,0.059498921725818305,18.975427194549066,Left,0.35394045208446356,0.12452705194909017,0
531,E,0.5576950425626223,0.7443033496461907,Right_Middle,0.5151842138536433,0.781020566236832,-0.04596442152244207,0.07258135158276503,0.05944731410344918,20.281301413457534,Right,0.2741864841723497,0.2018001335986251,1
532,G,0.4991132507273539,0.6326973322304972,Right_Middle,0.5058944914608743,0.6059229198268586,-0.04955426753171799,0.056731647394123404,0.025494845644461535,24.108510596766013,Right,0.4326835260587659,0.1952199097940738,1
533,Space,0.4245592489615294,0.8255051106733778,Right_Thumb,0.41370879491612333,0.8430279665554774,0.03718596611850994,0.04251563133040917,0.04042341424567419,22.68053910467482,Right,0.5748436866959084,0.17797298206178921,0
534,O,0.46602501141759917,0.7103485456502202,Right_Middle,0.4405885160157431,0.696866709797488,-0.02608034889477814,0.03884533169844242,0.023386678838496894,24.79285052901023,Right,0.6115466830155758,0.13804241077915036,0
535,H,0.43332203456092444,1.0,Left_Middle,0.42827051316898423,1.0,0.03210122443777545,0.0324962533036912,0.0289520347897664,22.78363410382815,Left,0.675037466963088,0.15572402206881525,0
536,Y,0.4874424716978148,0.6466870861962225,Right_Middle,0.49699228610736096,0.6495123893779599,-0.04463946344186941,0.04573688871910186,0.055595311431108976,22.04395875482058,Right,0.5426311128089814,0.17413117192450894,0
537,E,0.25726762161210415,0.7095525825289388,Right_Index,0.23961162236264646,0.7120954347304208,-0.032952402557638066,0.037470805183983755,0.03442833858977089,22.728615399363512,Right,0.6252919481601624,0.12611703177808148,0
538,J,0.24622189769624886,0.8082463983236867,Right_Middle,0.22573701752430045,0.8199004720912978,0.005769255442314103,0.02426380142101968,0.059202617882870234,23.939466480021593,Right,0.7573619857898032,0.20289133434055173,1
539,A,0.4344042824940095,0.6178069842028832,Right_Index,0.4381689153474814,0.6056217913518948,-0.03553691414703367,0.03775610748515876,0.04491504006300365,17.939604391627896,Right,0.6224389251484124,0.15868186374790796,1
540,Space,0.41410740630577286,0.7055869814412914,Left_Pinky,0.43661502540273955,0.6638179092470853,-0.002311581250426499,0.0475035968875649,0.023804941593206633,21.880314889421037,Left,0.5249640311243511,0.1918744204736802,0
541,U,0.5197626864396557,0.7950585159644857,Left_Pinky,0.5629377298886011,0.7753852576894791,0.009493904293619224,0.04838652381303954,0.03770135369114731,24.771620565461085,Left,0.5161347618696046,0.20378082921258645,0
542,P,0.40152320125706775,0.7312962458893775,Left_Middle,0.3946651737667532,0.7473754634875535,0.03363099492758541,0.03790273868003047,0.04356655363298008,23.129556413288785,Left,0.6209726131996953,0.19939420437698674,1
543,R,0.3329433943788442,0.8187422793542953,Right_Index,0.3307507564295956,0.81589816024207,-0.026744236245064747,0.026984270363173534,0.05400112511194932,15.282613653469308,Right,0.7301572963682647,0.1611394965843014,0
544,A,0.7438168836034427,0.8581461427570797,Right_Ring,0.7560112235889062,0.868027908350508,0.02059254207104963,0.02589216112788747,0.034717239824814616,21.573187954314538,Right,0.7410783887211253,0.18632522658117512,0
545,D,0.6320137181563925,0.6872031804122858,Right_Ring,0.6349163600777497,0.6895199964316134,-0.0008435157109686481,0.003808475462134952,0.03639791055693099,22.350378137166153,Right,0.9619152453786505,0.21125688042735996,1
546,G,0.5033232755699749,0.8214307177375814,Right_Thumb,0.4951346832093288,0.8498274596631097,0.0372812070210871,0.04757432494300938,0.04511734432570954,17.196187213272175,Right,0.5242567505699062,0.14170053624025972,1
547,U,0.6776276684014826,0.8132575266227142,Left_Ring,0.7095429822562761,0.8205729712799619,-0.04202663017632866,0.05327607936927348,0.03828977470267013,15.972303936249237,Left,0.46723920630726523,0.1324648840595771,0
548,T,0.5588288133475549,0.7686886867038175,Right_Middle,0.5823548856703871,0.8036946870504632,-0.0005448911900900327,0.04218048180874097,0.044735681285058795,22.43719224739037,Right,0.5781951819125903,0.21008336400040376,0
549,E,0.4181519265054481,0.7442277745889461,Right_Pinky,0.4286968227516435,0.7517019582521707,-0.015317316248253422,0.020041916957308458,0.04498508687937214,19.52587125276379,Right,0.7995808304269154,0.2037769622958281,0
550,H,0.5863024970635936,0.6387059685701002,Right_Index,0.5629208779239024,0.6361912530445651,0.022707325574786233,0.03269015972012496,0.047395380046969415,22.266100195740314,Right,0.6730984027987503,0.20516682687273508,0
551,K,0.4027837441165423,0.9303364455704022,Right_Thumb,0.4200535471596072,0.896067399713554,-0.012970775905857011,0.04050746386389772,0.02717224034798707,19.43041739996861,Right,0.5949253613610228,0.1831073204739796,0
552,Y,0.3202068101096269,0.8309088030755214,Left_Middle,0.3004616999725739,0.8862226773105552,0.035863871410655945,0.06881650477736828,0.05062867846565369,17.30524368488139,Left,0.3118349522263172,0.1903640877619457,0
553,G,0.34609026091870976,0.7685391848796115,Right_Middle,0.350981613346588,0.7850214612612403,0.01666923074601992,0.02394689994463093,0.021727584258853343,20.335565293316442,Right,0.7605310005536907,0.15776683642451803,1
554,Space,0.6604156392315191,0.7092905826693179,Right_Middle,0.6831679123273395,0.6997789325112496,0.01898932892950192,0.03112446036398209,0.05093976899590651,24.254246882533543,Right,0.6887553963601791,0.19719309132639498,1
555,I,0.6385533584549777,0.7116274011738448,Right_Thumb,0.6350436991167185,0.6954844264754928,-0.01870227970881111,0.024953729322265063,0.02396646081950923,21.349740973330395,Right,0.7504627067773494,0.17791636181744255,1
556,J,0.31011091021471915,0.6791220695078002,Right_Index,0.31067511402272807,0.6895923460901799,0.04068540496632293,0.04201484493512021,0.04242728272984335,20.463754650655392,Right,0.5798515506487979,0.17216357996400405,0
557,E,0.624469744858558,0.6783684611523915,Left_Middle,0.6299687741809897,0.6877157528524155,-0.044692895909588984,0.04598984812325061,0.03375829604723671,15.244449972421117,Left,0.5401015187674939,0.19990394583443627,0
558,S,0.5658529129526916,0.8594369430482188,Right_Middle,0.5677147781688464,0.8690519774664616,0.021223966170079225,0.023374605214543993,0.03064011161757003,16.23304023967446,Right,0.76625394785456,0.12595507515359292,1
559,I,0.3762819964544446,0.7672297479370723,Right_Index,0.38095989077323317,0.7487173036611278,-0.007275753369577309,0.020433547793337857,0.04932787175822785,24.111791112161704,Right,0.7956645220666214,0.12053034140463341,1
560,E,0.47122566116623943,0.7473718454578749,Right_Pinky,0.4529524376233328,0.7481782624441656,0.03306391438244265,0.037786021771209426,0.024978356650090166,18.80588751693185,Right,0.6221397822879058,0.1244151829371799,0
561,O,0.5775376526412122,0.5930682089040036,Left_Index,0.5468230758263333,0.6034052095267483,0.025389220170996513,0.04116857189268357,0.034684995216845184,18.51688775397217,Left,0.5883142810731643,0.1463422930816901,0
562,T,0.24634887141089168,0.5594994365885706,Right_Thumb,0.21484864692622227,0.5787807968569448,0.018000466289489828,0.04108590735303854,0.053886788817334996,17.125766165769924,Right,0.5891409264696146,0.19671321561957394,0
563,J,0.30879026224021133,0.6575192275206668,Left_Pinky,0.31094261374368976,0.6677726927179818,-0.01957329860532573,0.022200905023001226,0.04126984024220203,16.57540924418889,Left,0.7779909497699877,0.14451934045952175,0
564,O,0.8360773014558873,0.5733883372731681,Left_Ring,0.830142000474026,0.5888351041401659,-0.03172338551921775,0.03577993282818711,0.0482601810896742,19.524372935366593,Left,0.6422006717181289,0.1788661627649019,1
565,Y,0.6513297457576264,0.8208141825912882,Right_Pinky,0.633066071277809,0.8182592204973058,-0.04624595872836865,0.04978733107440481,0.042008199784465364,18.972651785177444,Right,0.5021266892559519,0.1608229259635966,0
566,U,0.4204639727916258,0.7810104288265693,Left_Pinky,0.3748649855440393,0.8044848841796481,-0.022007407193670926,0.05580899267606685,0.03935224525039604,18.117855592391695,Left,0.4419100732393315,0.20692124642980242,1
567,I,0.23867598068737889,0.7552229932396846,Right_Ring,0.22814522715117244,0.7862401920540608,0.01414426628482926,0.03567945712965692,0.029309084647068908,20.901756960071815,Right,0.6432054287034308,0.126155431250494,1
568,L,0.4946753564711894,0.8081354552043681,Right_Pinky,0.49611465874883287,0.8109966772817527,-0.029849850030754257,0.030021188012486492,0.022786896454861566,22.838784271713184,Right,0.699788119875135,0.18995889060069027,0
569,Space,0.7839969208076216,0.9985040554102266,Left_Middle,0.7874969688288203,1.0,0.02994088270924801,0.030181859514869444,0.03880388444358524,15.769281059455546,Left,0.6981814048513055,0.20103453686745643,0
570,G,0.2239596116174194,0.9493728470098902,Right_Middle,0.22859203433533826,0.953029530056672,-0.028866822982773557,0.029463946447495722,0.05038211089052134,21.88939181045219,Right,0.7053605355250427,0.15734046367845483,0
571,Y,0.3058962429306398,0.5271697084356769,Right_Ring,0.30813326528877055,0.5215552759311842,0.022028913547190943,0.022842923487327395,0.048740608234753374,15.53258006203548,Right,0.7715707651267261,0.18965625703083688,0
572,Space,0.5084956472830517,0.8712623190808679,Right_Index,0.500823680570371,0.8646985443450729,0.025426901779951327,0.02735817146941724,0.04190134088107121,18.596503106322007,Right,0.7264182853058276,0.1842591510158474,0
573,D,0.549477937193632,1.0,Right_Thumb,0.5803291329901661,0.9963819215410868,-0.011232796378352769,0.033031235040313994,0.05064416461991099,22.80173864377866,Right,0.66968764959686,0.19972452068007157,0
574,P,0.4365196360165248,0.7225522606531806,Right_Pinky,0.4229236481075542,0.744422495698021,-0.010417425485934162,0.02777914364937179,0.04851106645761988,16.312611320000745,Right,0.722208563506282,0.17546408430305985,1
575,Space,0.4921359090032744,0.7719144996016166,Right_Index,0.5045619011923836,0.7637172017104508,0.04126924109406638,0.04387198690600293,0.05502953230882536,23.78801617902449,Right,0.5612801309399708,0.1802576819151892,1
576,U,0.6425124827369755,0.6714132235714897,Right_Thumb,0.6307770338588369,0.718005204121277,-0.006419640311001083,0.048474170376044526,0.025414284127368812,17.668529964712935,Right,0.5152582962395548,0.1958377520398708,0
577,S,0.8218253637281665,0.6310212184794385,Right_Middle,0.8532216418136467,0.5992332204707017,-0.026722923723924374,0.05206071212900315,0.024701193421430068,22.80866182468556,Right,0.4793928787099685,0.20841239888082153,1
578,I,0.42000304234094205,0.8237287761939615,Left_Middle,0.39203949103464464,0.8260113184549639,-0.026452692429984794,0.03856053860656727,0.032341611202859916,17.810091337890807,Left,0.6143946139343273,0.21258991614950729,0
579,E,0.5272102731991569,0.525972411839717,Left_Middle,0.5054080625510174,0.5557234180244471,-0.009798003431070831,0.038163590362870384,0.03932264066637749,21.91500880047723,Left,0.6183640963712962,0.1417045820626058,0
580,Space,0.36932872456385946,0.6745503742450818,Right_Thumb,0.36708011288593423,0.6769881071472431,0.008459015151973191,0.00908590851383028,0.05568578894047227,15.915467922800751,Right,0.9091409148616972,0.17722744235770838,1
581,I,0.2782495803556244,0.6316124408896244,Left_Index,0.30953084997865493,0.6180969883152873,0.04175447718927651,0.05389454195804712,0.041680084712138174,18.508668821748987,Left,0.46105458041952885,0.17844383387900908,0
582,E,0.5084740743283707,0.7703186378386893,Right_Ring,0.5069415667818811,0.7689765360165144,-0.04032907134866218,0.04038048801744002,0.04004890304068307,15.00889838153458,Right,0.5961951198255998,0.1978061357366451,0
583,P,0.621446122651584,0.8623597903055067,Right_Pinky,0.6161451096641763,0.8696078263470445,0.002748845548113679,0.009391001916700916,0.032978523970594406,21.360528457211736,Right,0.9060899808329909,0.14342286316490052,1
584,R,0.27904277520346044,0.9036184334608552,Right_Thumb,0.2968509972604356,0.9185320851850592,-0.014315033536371334,0.027284976923736375,0.04493869532729579,19.738882614409924,Right,0.7271502307626363,0.13500549989152816,0
585,P,0.7423609832528024,0.9228872534720407,Right_Pinky,0.7519868497051493,0.9234133677854675,-0.0167524266939058,0.01932816342449269,0.046795841137459784,17.34788580058671,Right,0.8067183657550732,0.1428892779740092,1
586,G,0.463789284023214,0.5724413102525328,Left_Index,0.4595724342970819,0.5990626123987279,-0.020526721039252793,0.03387951927337665,0.05206664028339887,22.939822973585002,Left,0.6612048072662335,0.15478572942792695,0
587,S,0.3065489418397702,0.6766562786682789,Right_Ring,0.3038853472684183,0.6992934649198549,-0.007022695700080531,0.023850685363842366,0.05582447225446359,22.969421017438528,Right,0.7614931463615764,0.21726408949983705,1
588,G,0.5138545314786908,0.7944848237264945,Left_Index,0.4941220007468307,0.8161144324469717,-0.00924144616228717,0.030702069468607394,0.05965073408059268,21.09983827290536,Left,0.692979305313926,0.17764253091709925,1
589,Space,0.7711414606573699,0.5334702681429513,Right_Thumb,0.7957876268002608,0.5185870063559821,0.02705395279902091,0.039507737837214785,0.057206556935650466,23.02466230121381,Right,0.6049226216278522,0.17832925542247735,0
590,O,0.7067861365376649,0.6122079942594217,Left_Pinky,0.691182146184835,0.6386249662469058,-0.0087858941410809,0.031914461608759825,0.031161683078439528,20.948818831881134,Left,0.6808553839124017,0.16601451717257387,1
591,A,0.43212306355134233,0.7522155723218528,Right_Ring,0.42048802762265847,0.732001405005814,-0.0301227654354719,0.0380968190118681,0.04543022454665162,23.787585144100113,Right,0.619031809881319,0.19137949127456827,1
592,H,0.35851936319650246,0.8353880705488255,Left_Pinky,0.33810182957027696,0.8336577772324587,-0.01689711770518091,0.026559032005731138,0.05602152696597214,21.36046890124866,Left,0.7344096799426887,0.18527969527237945,0
593,L,0.6249122038388316,0.7379353198880595,Left_Pinky,0.6247450929325603,0.7464766029560587,-0.03995290917908263,0.04085604477154769,0.0340144555364649,21.993501809429848,Left,0.591439552284523,0.2011690270117576,0
594,K,0.2602780843826739,0.75508777995979,Left_Middle,0.2459966764642187,0.7404017924805036,-0.001647558078132813,0.020551187021578418,0.058474284238759944,18.268685485643623,Left,0.7944881297842158,0.20019398105680153,0
595,O,0.479200731288235,0.6934166651030589,Left_Ring,0.5036203223693313,0.7095280292937338,0.03976500472917242,0.04936748004267208,0.054076489558987056,21.495149557739627,Left,0.5063251995732791,0.1906213899694882,0
596,Y,0.39511188449163187,0.8292056573558936,Right_Middle,0.38105139111746,0.8239798993212386,-0.04875468253218244,0.05101004890975686,0.058794937609406905,24.274932336708332,Right,0.48989951090243133,0.18498884727140227,0
597,U,0.5120709983285984,0.6471108057315839,Left_Middle,0.5164708398481112,0.6295557402936789,0.010808437692751152,0.021079877923840973,0.0326266435840933,23.15794565273257,Left,0.7892012207615903,0.21734284200656215,0
598,G,0.31739511599522596,0.8175046224871726,Right_Middle,0.3199586681795894,0.8309994092604357,0.007091725029674957,0.015458772064892786,0.059200033769197385,23.924460678361257,Right,0.8454122793510721,0.14476577983624717,1
599,Space,0.4243769997113265,0.7048491918049877,Left_Index,0.4223556062342676,0.6839487281657585,-0.018282637933365764,0.027841879637093208,0.05977855690519705,23.873192334669938,Left,0.7215812036290679,0.12534554938582135,1
600,D,0.5968207197069171,0.7204331690896628,Left_Index,0.5978190048143017,0.7121864441715975,0.044007732750561954,0.0447848812309997,0.02353081074176363,22.78214200030149,Left,0.552151187690003,0.14957582829136293,1
601,F,0.5607153443020874,0.7284939664326694,Right_Index,0.5685235128805811,0.7240406434972124,0.011487307137210676,0.014586219763264767,0.04127686857394976,18.223457737155154,Right,0.8541378023673524,0.1335185832553904,1
602,E,0.6037112660110123,0.7063023448689649,Right_Ring,0.564616171657874,0.6965945326934466,-0.04909998276437112,0.06350965538544096,0.03921108185446065,17.018843420217692,Right,0.36490344614559045,0.16669878264243487,0
603,U,0.8321655453461163,0.7883828547614233,Left_Index,0.852062247261389,0.8036969025148685,-0.006572150341108474,0.02595365033682443,0.03972014758168943,16.58496061246885,Left,0.7404634966317557,0.21604673716705625,0
604,U,0.41607093058307854,0.8070331205389922,Right_Index,0.438424822398072,0.8028345263713783,0.021443073873261595,0.03125908011114383,0.04731946810600876,23.87646378020684,Right,0.6874091988885617,0.21015747124832634,1
605,Y,0.7208587009923213,0.8733492317048548,Left_Middle,0.7231432795903624,0.8792148115193412,0.02661375057895883,0.02734805378468036,0.0490831893739992,16.85814066213269,Left,0.7265194621531964,0.19901501878125355,1
606,Y,0.36393781178678675,0.7210379953762088,Right_Middle,0.39800777504692997,0.6960152970071588,0.014977452475995606,0.04484664884789804,0.04718946593489943,23.367940360001455,Right,0.5515335115210196,0.17611034771758052,0
607,D,0.3961440110775821,0.7824564533712288,Left_Middle,0.3939590781784383,0.7718825496708566,0.03758958787362761,0.039109570283342145,0.053210911983035764,22.146911545507997,Left,0.6089042971665786,0.19730544023935348,1
608,A,0.675583884956327,0.7082321267438391,Right_Index,0.7141658639724838,0.7015143726001405,-0.04851942343731254,0.06235248011288384,0.028994694674259372,22.052481615820206,Right,0.37647519887116154,0.19542535952007456,1
609,A,0.4426929151663507,0.7058006207847533,Left_Middle,0.4467069298504457,0.7425270246415955,-0.029902614655842298,0.04753006856081528,0.0288082624674279,24.570962361009094,Left,0.5246993143918472,0.19589536583240177,0
610,U,0.5142876770294418,0.9647806744602047,Left_Ring,0.5370951017100467,0.9430078471997769,0.04278471628492074,0.053148533141141846,0.04114463221602484,19.965938436847917,Left,0.4685146685885815,0.15667061810046362,0
611,H,0.21685281282480312,0.7104548827674423,Right_Middle,0.20554889946484137,0.6919916049390242,0.03788142354516666,0.04363110513414922,0.022241020695388105,18.356476971701632,Right,0.5636889486585077,0.1780275120348785,0
612,K,0.3850205942261931,0.8094640064129506,Left_Index,0.37369061610339754,0.8095132449369323,0.0106847865690088,0.015573551063278438,0.05870425430495857,15.223367806316046,Left,0.8442644893672157,0.12609726131638804,1
613,T,0.4361549403513633,0.8712840877874788,Left_Index,0.4709485300486333,0.8554478061735252,0.01102998972804585,0.03978746502077271,0.045487650883098044,16.56858425225813,Left,0.602125349792273,0.21079598717292436,0
614,P,0.5747901977107407,0.6842530166114649,Right_Thumb,0.5718444343938753,0.7082053023580872,-0.03263367214500254,0.040587511277169384,0.04944239660519129,16.541273485545304,Right,0.5941248872283061,0.12097467622861256,0
615,L,0.7355711424310927,0.5565280079547391,Left_Index,0.700862808990855,0.5505191727570992,-0.011562047530077668,0.03707364904779263,0.04773083266908304,19.348721970466034,Left,0.6292635095220737,0.13917150601266715,0
616,U,0.4456603915470524,0.7019129992564788,Right_Index,0.4538321528623873,0.7029399157573061,-0.0005991365927099576,0.008257796628108487,0.052099402974318504,22.87630889884154,Right,0.9174220337189152,0.1215077110572774,1
617,D,0.4827974059766588,0.7001541705170579,Left_Index,0.47400701303005544,0.7149787269283383,0.0048154862892569525,0.01789489841124985,0.05840000238782504,17.270459731159843,Left,0.8210510158875015,0.16614620947063924,1
618,G,0.6574238232649144,0.8665823328395361,Right_Middle,0.6682992817579373,0.8940874617242854,-0.010667799297518342,0.03144216363821464,0.02736185398703335,19.52144103874983,Right,0.6855783636178536,0.12423521545511146,0
619,D,0.3509031345899798,0.7863780735152824,Left_Index,0.3733958431551857,0.7799280682031495,0.022709722720980277,0.03260760667681144,0.0562087957346889,22.732185544612932,Left,0.6739239332318856,0.19910073459231203,0
620,R,0.4829078542648819,0.8142468293347895,Left_Middle,0.45754057882784555,0.7779131210615274,0.025690191809977156,0.051221313681107404,0.05623795243069636,24.6532831120444,Left,0.48778686318892595,0.1420437272951378,1
621,E,0.5287015818732969,0.9034156132712753,Right_Ring,0.5205646978656951,0.8986370210822198,-0.038883657580967304,0.0400122812588383,0.046545317891739504,21.222057308376566,Right,0.599877187411617,0.1861453116315282,1
622,A,0.820486882746051,0.6883359347647485,Right_Ring,0.8501534357144156,0.7296497887394475,0.02415954611635872,0.056308281485195406,0.0457119626880791,21.998416449913414,Right,0.4369171851480459,0.16412957200222847,0
623,P,0.32804920328669107,0.7124138111751919,Right_Middle,0.3285079973158977,0.6692624994844973,-0.03909997494301061,0.05823275910630341,0.04084475558678612,23.518625109005516,Right,0.4176724089369659,0.19071058617524986,0
624,F,0.3026172588674281,0.8370233537518095,Right_Middle,0.31591889410396645,0.8733754068648125,-0.042875244096441605,0.057764104959965965,0.041826860568980204,16.975045232674727,Right,0.4223589504003403,0.1289850426605377,1
625,U,0.4348783468804971,0.5480007276145006,Left_Ring,0.4320555987669574,0.570191612827287,0.03872700708437958,0.044723420834649294,0.04451140633515624,16.012590154419453,Left,0.552765791653507,0.14433865329591183,0
626,Y,0.3849160539668196,0.642883249750597,Right_Index,0.39680506355336914,0.6050637164781186,-0.008790815543595489,0.04060719251337973,0.03217166836650873,19.413646062171356,Right,0.5939280748662027,0.2085711349582534,0
627,D,0.46254895427996107,0.7549925094012007,Left_Ring,0.4599004354727396,0.741418390519194,-0.025340750266001345,0.02886910077122082,0.022746618778734167,22.254620678851275,Left,0.7113089922877918,0.142195098669562,0
628,S,0.5326061488627349,0.7274833102926482,Right_Thumb,0.5297225767245572,0.6906296547174595,-0.0021943691212352595,0.03703136742507551,0.05294429865608008,21.228513905410296,Right,0.6296863257492449,0.15172327021153126,1
629,G,0.4786663346743105,0.8178369025335198,Right_Thumb,0.4978029443943867,0.8034325349654066,0.012478494098285539,0.027007562858887776,0.036173996094339175,18.719656068222463,Right,0.7299243714111223,0.1555159039594456,0
630,A,0.7041333408072007,0.8626380768842923,Right_Middle,0.6839203425876733,0.8624102456336369,0.03854160940630362,0.04352094736709512,0.03124111861746333,23.40368335628117,Right,0.5647905263290488,0.2107795195176151,0
631,L,0.5526016496100857,0.8485780499584092,Left_Ring,0.5555968186925252,0.8398287957908533,-0.020173726366638958,0.022192334754074873,0.029568330203074436,20.381177875760486,Left,0.7780766524592513,0.20769625355242718,0
632,O,0.5208458935594255,0.7409813023472882,Right_Pinky,0.5245572017953848,0.7450629808064179,-0.006653297583486685,0.008642932176087718,0.0594068375997692,15.7036994149135,Right,0.9135706782391229,0.1703817096362608,1
633,P,0.6220686274411733,0.7856598691039982,Left_Pinky,0.6052213651343856,0.7399222353129211,0.013530742095405557,0.05058500146973178,0.04420327765247449,22.62743704054848,Left,0.49414998530268217,0.16813729922466622,0
634,P,0.8719491399512616,0.8240300126044586,Right_Pinky,0.9089151743532153,0.7912081717583813,0.013985844208715084,0.0513747484097208,0.03965967415611493,17.83226973077942,Right,0.48625251590279206,0.1737431222961136,1
635,S,0.46498305650510513,0.7578858800441655,Right_Index,0.46664018078170705,0.7434016066754965,0.04788592057549805,0.05005598490939265,0.055193110654484887,18.020183202696927,Right,0.4994401509060735,0.1861266131472733,0
636,E,0.35373840721104954,0.6768493703641765,Left_Index,0.3321232216415068,0.6684728011575574,-0.04578424994565851,0.051318424585772106,0.02036909218526507,20.65721849801093,Left,0.48681575414227896,0.20818353538966772,0
637,J,0.40952229252460093,0.7118724979065967,Right_Middle,0.42903707698705434,0.6779073553765157,0.03245617646417043,0.05087102427097473,0.0371119498467099,23.834117969472423,Right,0.4912897572902527,0.12650129287683343,0
638,D,0.5839964684456412,0.748591343918365,Left_Middle,0.6178291329540387,0.7335559940758775,0.028624760533964497,0.046798374418889614,0.02582132400815802,18.83505366041104,Left,0.5320162558111039,0.17993244295788968,0
639,A,0.6758282177202675,0.6387507256140241,Left_Ring,0.6942927073373584,0.6296166981117652,-0.005383229482243013,0.021291946714431024,0.038518080733652316,22.757188704143385,Left,0.7870805328556898,0.18352186054065672,0
640,K,0.5278571092437844,0.5440524064029051,Left_Middle,0.5572180590731652,0.534137413047509,0.0470597028620809,0.05634703276649371,0.05497277321373832,24.55147970707676,Left,0.4365296723350629,0.20627768187946685,0
641,G,0.6623646787395502,0.75232179217207,Right_Thumb,0.6427123636372918,0.7316185827916284,0.018775346469999635,0.034166504102664426,0.027312847115460465,23.913062902587935,Right,0.6583349589733558,0.20340305057411046,0
642,Space,0.47174275697887336,0.66357707576751,Right_Index,0.4655833746633179,0.6833322918486178,-0.015429978351762179,0.025812609028462913,0.04598001641192771,17.169064267068617,Right,0.7418739097153708,0.15635018504988585,0
643,U,0.32510616371693507,0.6885902338255653,Right_Index,0.35778240214938156,0.6816471337021309,-0.02778447710154416,0.043450205583223184,0.02902716480433331,17.595173209937116,Right,0.5654979441677681,0.17415629714551673,0
644,O,0.7540404526390734,0.6914826070509077,Left_Middle,0.7590275472525796,0.69106313552926,-0.04583882668453265,0.046111225323733906,0.057779905841040965,24.601125160161253,Left,0.5388877467626609,0.17735392332491495,0
645,Space,0.19617255735488442,0.7630489739241455,Right_Pinky,0.1761052456902829,0.7539792431619167,0.035853985095588,0.04207689699559865,0.050606338475940524,16.66299314631811,Right,0.5792310300440136,0.2011012358972088,0
646,I,0.35521621881928406,0.8331449983892505,Right_Ring,0.35995408869328327,0.828376316577367,0.043587125535973145,0.04410244040475107,0.04443617395099654,19.907737951724148,Right,0.5589755959524892,0.20046015287338853,0
647,Space,0.4775878271176012,0.6801054782397717,Left_Middle,0.4720976612344968,0.691653775980769,-0.032509869772556835,0.03493417717318288,0.05240592899930861,23.015401531535574,Left,0.6506582282681712,0.2099549386083096,1
648,L,0.7921154490068332,0.7410666487853059,Right_Index,0.7812958123336443,0.7391304430911743,0.02926436084352653,0.03126045818298142,0.042733683893192785,23.05237216351361,Right,0.6873954181701858,0.21745029508612357,0
649,Y,0.39452551082989334,0.7670415621642868,Right_Index,0.4378298866765777,0.7937813946981076,0.019261147184344768,0.05441763870533776,0.04593939333744612,17.453853338829557,Right,0.45582361294662244,0.14584968267845644,1
650,A,0.3790866177214278,0.7582618814830603,Left_Ring,0.3725480586660383,0.7599324991692021,0.022582225886842583,0.023569061160310344,0.023431785224688636,23.9517657845198,Left,0.7643093883968965,0.13677971808416287,0
651,S,0.339973801806033,0.7112320004272932,Left_Pinky,0.3288907407308052,0.7472223627690212,-0.01101637155076577,0.03923647367476626,0.046265596411314905,16.644945498859794,Left,0.6076352632523374,0.21254659394020609,0
652,J,0.5244974504120818,0.7651800189945899,Left_Pinky,0.5109100510501502,0.7362407265661102,0.045070279517326325,0.055257851600036066,0.039796647647435554,15.490495310379282,Left,0.4474214839996393,0.20703322663502616,1
653,E,0.7917446485914764,0.828271571245761,Right_Pinky,0.8055152471884506,0.8428318902281041,0.019764448186341543,0.028147214545975012,0.04516719041747202,23.171926782845524,Right,0.7185278545402498,0.19109788521770865,1
654,L,0.14940628424387298,0.8451112995437966,Right_Pinky,0.13101738513123698,0.8358696721715911,-0.025201940670386225,0.032537625921616804,0.05782729877064208,20.61824886684139,Right,0.674623740783832,0.17241012211422466,0
655,K,0.2749703121515254,0.6480218074365224,Left_Middle,0.28257278677467146,0.6388634722525708,-0.03786951754232858,0.03969600839663753,0.051699472348211206,22.889998877506226,Left,0.6030399160336246,0.19265913371242532,0
656,O,0.49679917704765864,0.8078793192547439,Right_Pinky,0.5075628402804088,0.8306512268094131,-0.021275271393304075,0.03297049275830131,0.023202746417005676,20.994537312777794,Right,0.6702950724169869,0.21447450049906475,0
657,A,0.5894546142726859,0.7211337606585273,Left_Pinky,0.5751596734041048,0.7330289307914134,-0.01967514093230992,0.02707307846612188,0.05003022392598107,23.706903766939618,Left,0.7292692153387812,0.14786977387576636,0
658,I,0.5700943240238346,0.6412850508975663,Right_Thumb,0.5684556665809883,0.6612017211312097,-0.017185384138619496,0.026357093531013762,0.023462771897287245,23.64434244178567,Right,0.7364290646898624,0.1955048706906558,0
659,T,0.6219209506343061,0.7220128221627568,Right_Middle,0.6554005535438596,0.7305827468712554,0.039435672426757815,0.05243567182978842,0.0374832897035032,24.97312347741552,Right,0.4756432817021158,0.20878682966250886,1
660,T,0.4610281409034436,0.7045618058103362,Left_Index,0.4547482073386026,0.6951374846999904,-0.018415826749747788,0.021619391037826504,0.04128605628457649,18.96192509016454,Left,0.7838060896217349,0.15205344918584757,1
661,E,0.5835785168030931,0.6960985146667193,Left_Ring,0.556615919363225,0.7017163725945238,-0.0441252537476882,0.05201519015344703,0.02900713237273618,22.492332822359085,Left,0.47984809846552967,0.20614111647122896,0
662,Space,0.29096879456430924,0.824392612902989,Right_Index,0.26659642194598127,0.8054560159455096,0.047534165588957164,0.05667542809379599,0.05997283021612419,19.84565849478188,Right,0.4332457190620401,0.188219143113595,1
663,F,0.6007609726961283,0.7341404816053273,Left_Ring,0.5863217988477196,0.706710065670458,-0.03504611911972836,0.04678833107879238,0.030430621266867006,23.574693985869104,Left,0.5321166892120762,0.15922149185869428,0
664,S,0.3897346497295051,0.8139561289714745,Right_Thumb,0.39331185163650323,0.8103222311459227,-0.007549781980605505,0.00911047720180763,0.033968224473731115,18.26032616043783,Right,0.9088952279819237,0.18355919564023873,1
665,Y,0.4671371056206478,0.6340863373490686,Right_Pinky,0.4663591501491895,0.62848026240463,-0.015785189784646228,0.016769183269781936,0.037953328770720954,20.5550595937997,Right,0.8323081673021806,0.1398749110342141,1
666,J,0.41968311438749695,0.7091520547805319,Right_Index,0.4231728990937707,0.732837971422834,-0.0056610648867412156,0.024601806846939547,0.023974389637666176,20.991959714097412,Right,0.7539819315306046,0.18360600603862315,0
667,I,0.18480472873911108,0.6643963213815981,Right_Thumb,0.21291458078214034,0.6777753767012424,0.0036051609108706945,0.03133943343968378,0.038362303201791494,21.910556214444156,Right,0.6866056656031622,0.13526514764920342,1
668,L,0.5830227161914211,0.8507465541307389,Left_Index,0.603582829417484,0.8739936706909196,0.027771251330723237,0.04164599722308679,0.0361110756313255,21.383389909725032,Left,0.583540027769132,0.13909772017859895,1
669,E,0.6861216262798476,0.8583276372833855,Right_Index,0.6667656959005649,0.8693229352913294,0.04728125312052511,0.05225959735568485,0.03622435069834405,17.134332793675284,Right,0.4774040264431515,0.15620333386863772,0
670,F,0.6082220830099148,0.8371879242621071,Left_Pinky,0.5935741770921387,0.8219905280494797,0.03917909121937055,0.044503069424426896,0.05440494168317103,18.266000825663824,Left,0.554969305755731,0.20008496583054255,0
671,J,0.4655810060360807,0.7155573733672553,Right_Thumb,0.42633409328437355,0.7352128794199551,-0.03770053921892752,0.05786181587304119,0.05725241627900511,21.004885896094063,Right,0.4213818412695881,0.19568117599815746,1
672,G,0.5434847915145776,0.5055430205447593,Right_Ring,0.5336337441855374,0.49327960059942305,0.005493657887258918,0.01666177899315985,0.04281803436546208,17.479234592719013,Right,0.8333822100684015,0.18366502629488407,1
673,H,0.7195651033331708,0.7079647571802187,Right_Pinky,0.7322936365721812,0.7094775162614493,0.01423748263143633,0.019157502711337097,0.0358138656155092,15.31503267580826,Right,0.8084249728866291,0.20858157730305157,0
674,U,0.4797824612788253,0.6141325988512835,Left_Pinky,0.49466209509650816,0.6278436984931081,-0.03546428191136689,0.04083029570582706,0.035461785133115986,20.228469002086953,Left,0.5916970429417294,0.18435318186789634,0
675,R,0.30257738527377653,0.743875003459437,Right_Thumb,0.31503728371902373,0.7043759818855578,-0.002867785694272318,0.04151681550104632,0.0590801308164029,15.963531622562146,Right,0.5848318449895368,0.13116233992463083,0
676,D,0.659519768925449,0.7869948427654854,Right_Pinky,0.6467258660813939,0.808629858004717,0.04565943232489325,0.052120452747615405,0.045531130797228654,24.63075469320057,Right,0.4787954725238459,0.14558501864633733,1
677,E,0.5982017451611227,0.731821364901305,Left_Ring,0.6140919900737537,0.7224713381702098,0.03780507674893792,0.04206122574591327,0.02354068724909144,19.17443144230902,Left,0.5793877425408673,0.12177645859366432,0
678,P,0.6464034419425108,0.6862412864621271,Right_Pinky,0.6692441788345619,0.6916813512286917,0.02186367726855079,0.03208292302985604,0.03896393176244356,20.250473812508154,Right,0.6791707697014395,0.16721091176840353,1
679,H,0.6041682620144925,0.5720677767044953,Right_Thumb,0.5703087054967274,0.5870143384670703,0.04339080293343188,0.057031842468134565,0.03164869258928841,18.971704002715818,Right,0.42968157531865436,0.1824779798857727,0
680,O,0.7967584721009504,0.5877591875528984,Right_Middle,0.776250992447873,0.5762932237688362,0.04675307812576428,0.05232471081097943,0.04379574192378664,16.157945998861813,Right,0.47675289189020564,0.1534210540049118,0
681,T,0.4461341383939879,0.6257998257519768,Right_Middle,0.4224023732850458,0.6156560101782473,0.02731609744946016,0.037580085809484805,0.04701217616747863,16.34512347776625,Right,0.624199141905152,0.18465159378648038,0
682,I,0.6823736705174598,0.7552879261995028,Left_Ring,0.6746809718102927,0.7541669252830767,0.04502006137291435,0.045686323801273965,0.021538255393005242,23.37313062772816,Left,0.5431367619872604,0.1404777656836925,0
683,G,0.5136182841776591,0.7554417642448514,Left_Middle,0.5188648139238851,0.7668465241542765,-0.04324905361039,0.045034156605448385,0.020893315573509545,16.89788502491022,Left,0.5496584339455162,0.1901310699842374,1
684,Y,0.3750304737438306,0.8085814838356163,Left_Middle,0.3709668176478641,0.8029417868878342,0.030125078349453868,0.03091665939408465,0.04741203156540237,22.74121644788909,Left,0.6908334060591534,0.20947965633493248,0
685,J,0.29812087022030087,0.9188962968695878,Right_Thumb,0.2891773568814744,0.8940465024407318,0.008657778640676815,0.027793089878405598,0.043383937454099575,20.344526954959118,Right,0.722069101215944,0.1837062012094387,0
686,P,0.8127790968826665,0.6268948876233362,Right_Ring,0.8099806344854675,0.6496333613709144,-0.029225290421413187,0.037134716645933694,0.04755329587326776,22.364168671896824,Right,0.628652833540663,0.21555264997679513,1
687,F,0.27728877841659993,0.880849265193988,Left_Index,0.2825918661825048,0.8737905925977553,0.025809439220743274,0.027277733622186023,0.05698503459818609,18.02013982953657,Left,0.7272226637781398,0.1464755180273777,0
688,O,0.3487021771181148,0.7565990494973923,Right_Middle,0.31787867585720453,0.7426154038019657,0.0444335918638762,0.0558567333706697,0.021092573760013906,18.70470103005844,Right,0.441432666293303,0.20343845505565483,1
689,T,0.6962276360433941,0.7489069169552088,Right_Ring,0.7273410049746297,0.7771746053616042,0.0015331240477300945,0.04206488325715365,0.029046573127387926,16.320446877687584,Right,0.5793511674284635,0.20498679535987496,0
690,F,0.6169243656006013,0.8210987790966141,Right_Index,0.6409070397269685,0.7767166392241747,-0.00549077258092813,0.05074536019621671,0.05553556104342752,19.764872670212434,Right,0.49254639803783284,0.17891686110637742,0
691,F,0.562741495072016,0.7609920546970763,Left_Ring,0.5883938510223473,0.7713113973685389,-0.03819942676962849,0.047156424848601254,0.03861710867392674,16.19023405938621,Left,0.5284357515139875,0.19690062345487624,0
692,U,0.49320261607062843,0.9126373941216895,Left_Pinky,0.49830164717430214,0.8971886553729764,0.02437673789844537,0.029306808043383446,0.024151707652531378,22.753813304830274,Left,0.7069319195661655,0.174688698803806,0
693,R,0.5607570035199093,0.9596141955388475,Right_Thumb,0.5735231630071148,0.9509404549224282,0.03524575736651493,0.03847690237886792,0.04265206682233538,22.2679949269184,Right,0.6152309762113208,0.18095318852256936,0
694,L,0.35878432632119295,0.7493258700702271,Left_Index,0.38306338349757807,0.6894264118633491,-0.02348642390764022,0.06876794179573124,0.03534878609987609,22.333851130399434,Left,0.31232058204268753,0.1268738083880964,1
695,E,0.5623577649169215,0.7657685278828112,Right_Thumb,0.5623421806485129,0.762043441269351,-0.0084212914582147,0.009208401759882254,0.020055352671105548,20.09199436560206,Right,0.9079159824011774,0.1906303837691467,1
696,L,0.5348211545452319,0.7493424804941694,Left_Pinky,0.5107268733251092,0.7528676914959858,-0.0042200400395133175,0.024713766164969266,0.02152711194928804,17.27514720003947,Left,0.7528623383503074,0.15084425509948227,1
697,D,0.6235762046193789,0.950157175680792,Left_Middle,0.6414710537438933,0.9607100175904805,0.01608212602349493,0.026272093083642662,0.021675685322091298,24.07908391246204,Left,0.7372790691635733,0.13289757079050513,0
698,A,0.43083769402686134,0.7321299525545706,Right_Thumb,0.4413089928773201,0.7648278543045834,0.045664359575949706,0.05713173036020126,0.04326198319837031,23.5348828041176,Right,0.4286826963979874,0.14044266309822137,0
699,O,0.6100507933588686,0.8575338058321824,Right_Pinky,0.6199063194448999,0.9062556405739939,-0.048243881319639276,0.06927063345909486,0.028405006958179414,17.079656066738615,Right,0.30729366540905145,0.21242825389796854,1
700,R,0.5442809628944208,0.7212298409035197,Right_Ring,0.5501801138119647,0.678359801717456,0.03219314416519296,0.05393550567671998,0.04994862463820708,20.955097714460138,Right,0.46064494323280014,0.18304601159672723,1
701,P,0.5458669893853885,0.637872104310332,Left_Pinky,0.5386934819337864,0.6294006856112169,0.027727614682645715,0.029867118373274288,0.0336772751802867,16.328882275023396,Left,0.7013288162672571,0.1276619838917915,1
702,U,0.2723662049725838,0.8572686991318597,Right_Thumb,0.2889964952510591,0.8217115942984422,-0.0453505782175397,0.05997957321910664,0.029331838531945223,24.353781741565328,Right,0.4002042678089336,0.15830459838264677,0
703,D,0.7668941290422651,0.8086445076484113,Right_Ring,0.7683632903430887,0.8048795557579641,-0.04706862458947025,0.04724181112541837,0.027370090749608923,16.86475741525602,Right,0.5275818887458164,0.21262845365570485,0
704,Y,0.3557384210460499,0.6504749567227274,Left_Ring,0.3176224215722918,0.6469230226638913,-0.006982307531416099,0.038912700624669026,0.04788543282248017,22.34817237293966,Left,0.6108729937533097,0.19996071627722106,1
705,Space,0.4563686060848987,0.7312847845498572,Right_Ring,0.4608541272021682,0.7271010447276475,-0.01863666321413076,0.019620111986182666,0.03196402582528632,17.999398259515534,Right,0.8037988801381734,0.21435024751934306,1
706,K,0.33607335237194214,0.7301381884542695,Right_Thumb,0.3474301488796459,0.7283619539175208,-0.0050860367989995145,0.012569789432114948,0.040994971884579075,23.264656831195875,Right,0.8743021056788505,0.21448598771068447,1
707,T,0.7615931690195692,0.6814159937472021,Left_Pinky,0.7709850269326698,0.6706677292491735,-0.034779408003367186,0.03759440657656579,0.025640461375342264,24.264461719216456,Left,0.6240559342343421,0.18639896045908688,0
708,L,0.494197601612852,0.5652100767874407,Left_Pinky,0.48671715095235063,0.5587710876240436,0.01775255700486668,0.0203118439276591,0.04004442034095041,22.174105743829674,Left,0.796881560723409,0.17084972590508082,0
709,F,0.45883759874802815,0.6190649986112727,Left_Ring,0.463917918218308,0.6416035006025429,-0.03738781938940891,0.04395045797970318,0.033237667017371575,20.46200564027882,Left,0.5604954202029682,0.16343603794508918,0
710,T,0.5131122810731461,0.8233733990945508,Right_Pinky,0.5085664910618798,0.7942893160542626,0.04872880279260691,0.05693017051372395,0.026098191664088954,20.389656044703727,Right,0.43069829486276057,0.21539820930648806,0
711,R,0.4006252817927296,0.5570023581456767,Right_Middle,0.3804653707324623,0.5612065488667544,-0.04741742379271296,0.05169631817368453,0.023482520813713794,16.67063323852967,Right,0.4830368182631547,0.1500257359067043,0
712,U,0.4135373396677335,0.8516205576127016,Right_Thumb,0.4322772441425482,0.8712395892597795,-0.01257798155635892,0.02990478293728831,0.026103097214163054,23.743294960594962,Right,0.7009521706271169,0.210208264069342,1
713,E,0.7995025521033043,0.8300955642242086,Right_Index,0.8230505027758618,0.8366109574089063,0.044535164075061015,0.05079701928677518,0.05557023147234648,17.826017506908308,Right,0.4920298071322482,0.12238112566975849,1
714,T,0.15272735113757013,0.7246997585054001,Left_Pinky,0.1558964373902107,0.711080210466876,0.032801549720264625,0.03565777419443529,0.021985730164675067,22.01359875119416,Left,0.6434222580556471,0.15130055098108017,0
715,R,0.3752660154653069,0.6442392443386156,Left_Middle,0.397851005660046,0.6180802424589299,-0.04659683189986028,0.058014135385625595,0.03408095145279978,20.837225059241113,Left,0.419858646143744,0.13466071012150926,0
716,Space,0.7001261120641193,0.5822576161264852,Right_Pinky,0.7107754910995201,0.5866784806055743,-0.045442135294292474,0.046882203197875484,0.05293852573999304,15.018300192716744,Right,0.5311779680212452,0.21448971622617335,0
717,Space,0.5122058286102704,0.6442178990650421,Left_Middle,0.49820989900316814,0.6554384142571292,-0.03897081781983741,0.04290117304095282,0.024992125854587932,19.3885960830086,Left,0.5709882695904718,0.172216441707709,1
718,E,0.32848365272625185,0.8780014181599256,Left_Middle,0.34875669321244757,0.8632583431769016,0.04266829406760596,0.04948674316571758,0.037705824889286796,17.104935038731384,Left,0.5051325683428243,0.12391352527934998,0
719,Space,0.6554407234549313,1.0,Left_Ring,0.6356581682609657,1.0,-0.021232703967558997,0.029020289588084627,0.04297267006366588,23.618328175875664,Left,0.7097971041191538,0.16095365356164368,0
720,H,0.39734970108809764,0.634600148837503,Right_Index,0.39866481862939657,0.6546570636285143,0.0024338012788738053,0.020246796135348556,0.04115556373425991,20.77016960375805,Right,0.7975320386465145,0.1642590803456873,1
721,D,0.4574243236856217,0.8237434182780234,Left_Ring,0.4672562358186325,0.8307306177992896,-0.003497136776811925,0.012558559590054813,0.05348188391114421,23.619774292662235,Left,0.8744144040994519,0.1297911325370599,1
722,G,0.18409437483963886,0.7907718025539183,Right_Index,0.2095386719759369,0.7905826810627197,-0.021168040790904577,0.033098851560500665,0.025228023106658566,16.953534578604305,Right,0.6690114843949934,0.21483084646672423,0
723,P,0.5967280245915539,0.6950310892906131,Right_Ring,0.5913510079690736,0.7339451966150576,-0.010589608397511864,0.04068611387966997,0.037957330738217165,24.00308398070155,Right,0.5931388612033003,0.2191003174981665,0
724,T,0.5644121348822226,0.8825844094435777,Right_Index,0.5464662880071972,0.8708710244301191,-0.027718499792641172,0.03503672415181,0.038942952426618216,15.931112349413453,Right,0.6496327584818999,0.21340139257407348,0
725,A,0.4358241910940739,0.7563269648748384,Left_Middle,0.4457305689324362,0.7433108214372028,0.007304818566155301,0.01791414765345944,0.03650505575761728,19.861185133841893,Left,0.8208585234654056,0.1691900761884204,1
726,T,0.46037575278291615,0.7226808611071709,Right_Middle,0.4786341078385381,0.7601212073503139,0.012592933092844372,0.04351699690953456,0.04340732557550769,23.79099236785601,Right,0.5648300309046543,0.13515665285628362,0
727,T,0.2243612967443286,0.5830511038054356,Left_Index,0.1648762028744843,0.5575525006717437,0.03922190196195917,0.07567702919636345,0.03619389056848893,21.783097645824263,Left,0.24322970803636557,0.21671410849017766,0
728,L,0.5290126243370463,0.6955910222114863,Right_Middle,0.5424983143731518,0.7100965822601478,0.02981989429304331,0.0357980614520328,0.039526017831423815,23.31732845885655,Right,0.6420193854796721,0.18648700206436036,1
729,T,0.4548399088607819,0.6426308104871437,Left_Index,0.47577860577392284,0.6155891130075283,0.031533618549859976,0.046519367255450576,0.047857967562473826,19.200455887611596,Left,0.5348063274454942,0.15152836306248546,0
730,H,0.4928909183271181,0.62320186183441,Left_Ring,0.4935836722844049,0.6089234458568096,0.04833679483360068,0.05040633695935795,0.025221191381070356,17.48723631442216,Left,0.49593663040642055,0.15665219783875206,0
731,E,0.532966292016489,0.6401684046682856,Right_Pinky,0.5482832183235027,0.6769211379251031,-0.01870543514511589,0.04399164622186128,0.02225664145244913,16.180781333097762,Right,0.5600835377813872,0.1518506794189459,0
732,T,0.41946574094447026,0.7115216523565587,Left_Index,0.4324932718521662,0.7331968144437436,-0.03274773287609545,0.04137563560334527,0.03857360264383587,22.162420249090918,Left,0.5862436439665473,0.2060665925926417,0
733,K,0.501852802244863,0.8046785805731836,Left_Ring,0.4986350080125576,0.8316947797405535,-0.03819330385456974,0.046893045076001894,0.02998245648040998,19.153204005378406,Left,0.5310695492399811,0.13666943697500736,0
734,H,0.10408344324789148,0.7625896037084461,Right_Pinky,0.08785354821245066,0.7209297983456808,0.04710599983900095,0.06494554716496635,0.029487238790853493,21.646446177152633,Right,0.35054452835033645,0.13613723129332989,1
735,F,0.470684602588481,0.6662267611962435,Right_Ring,0.4624722050243331,0.6722667216416264,0.014901070974795844,0.018054542700642277,0.03099497427706456,23.241753024760214,Right,0.8194545729935773,0.18559228432749925,1
736,G,0.18818392428160813,0.7116121601353282,Right_Ring,0.19293601219144696,0.7322147430779462,-0.0005173904927749037,0.021149857123212507,0.057615761735060306,20.232167306463825,Right,0.7885014287678749,0.1347358523342957,0
737,L,0.27456486810202485,0.7265908831769851,Right_Index,0.2187379221342819,0.7395582833351636,-0.007928561579902571,0.057858996289893654,0.04996217737615195,21.525521542628717,Right,0.4214100371010635,0.14775061205660445,0
738,U,0.3055308207158747,0.7743114971955518,Left_Index,0.284570690573958,0.7586393560667078,-0.012409000573895865,0.02896422549234545,0.0515485473095917,24.100181352027725,Left,0.7103577450765455,0.13521584730440442,0
739,Y,0.6242243168730834,0.7247929194602332,Left_Index,0.6200624572558748,0.7056235075805811,0.004572523711467581,0.020141881748660672,0.05342455680765876,24.969898226055065,Left,0.7985811825133933,0.19836133731226824,0
740,K,0.5344139559944514,0.6986692407543256,Right_Middle,0.5233362718636289,0.7212072728535546,0.037807700275647435,0.04538832643688623,0.05611814942488437,18.61449569963283,Right,0.5461167356311377,0.15233172112260768,0
741,L,0.5141663424183587,0.8245197320039868,Right_Pinky,0.487788657230589,0.8834696804752369,-0.005487127752392594,0.06481502350226531,0.04572532522267491,17.580038235985317,Right,0.3518497649773469,0.14401913674893782,0
742,H,0.44888543750119714,0.6683656881527648,Left_Index,0.4160665061320554,0.6971032219386262,0.03612160139287193,0.05663654466412554,0.05393155485464557,23.117654390517565,Left,0.43363455335874457,0.17511339039741974,1
743,E,0.45863763831445425,0.7938610002814486,Left_Index,0.47565441582774914,0.7963864598187274,-0.03255513917998552,0.036820996046272834,0.04496161104244216,15.254420186547534,Left,0.6317900395372716,0.12727760388212736,1
744,J,0.4960749294317059,0.6372349897766387,Right_Ring,0.49796019002675995,0.6430662395486278,0.006334298411095951,0.008813683553168871,0.04905678185590409,20.03667786193832,Right,0.9118631644683113,0.16920433999119375,1
745,A,0.42226503905361445,0.6916206519279268,Right_Index,0.4060653277609939,0.6824968842146533,-0.03647714267589267,0.0409421020594627,0.022446667814941458,19.029102833843954,Right,0.5905789794053731,0.20368593346714187,0
746,F,0.5320519598829802,0.5574610778047142,Left_Middle,0.5074876125901665,0.5652931389396132,-0.010719642406567552,0.027922375845680428,0.02388277534633055,17.189754448824477,Left,0.7207762415431958,0.18548190888999366,0
747,A,0.3262909116726387,0.6395337966475966,Left_Pinky,0.3006141150237074,0.6533883030377213,-0.029486185563787626,0.04148108451531487,0.03952416265987206,23.707577195326984,Left,0.5851891548468513,0.19286125808106888,0
748,T,0.5334375395817832,0.7009389461416468,Left_Pinky,0.5286907287692939,0.7167519270962537,0.013464607625291947,0.021304418275639364,0.046249351383311224,22.669595208958167,Left,0.7869558172436064,0.15938751842385507,0
749,Y,0.6374770549626267,0.6489439634461242,Right_Middle,0.6441718571133835,0.6642359740273454,-0.02717440793275453,0.031892231184878106,0.045987537682154384,15.318738887009317,Right,0.6810776881512189,0.15972188723801134,0
750,R,0.5019465386832531,0.7991849529135342,Left_Middle,0.5227588802898755,0.7904408910324742,-0.018461388695772053,0.029162219632718835,0.047344606710957346,21.70222843978096,Left,0.7083778036728117,0.18940800598160096,1
751,J,0.5018718389503113,1.0,Left_Pinky,0.5193045050376562,1.0,0.007956722670623709,0.019162653328025428,0.0591996447282299,17.854967659378957,Left,0.8083734667197457,0.13445980895289417,0
752,J,0.6449808549119216,0.8347187561935709,Right_Index,0.6124698565408164,0.8694865432480797,0.02088219874259696,0.0519791328907956,0.036085856588327234,19.39266992338456,Right,0.480208671092044,0.2102969001420719,1
753,O,0.5042747497683396,0.6310763344230114,Left_Ring,0.47863868930136627,0.6406745276914989,-0.04830709022939144,0.055523939672146104,0.05897601648230767,19.532139949403536,Left,0.44476060327853895,0.21295681888615825,0
754,J,0.3430757367751428,0.6969545919540681,Right_Pinky,0.3157511347943821,0.6976205397485631,0.027631140221700295,0.03886588825465395,0.04068776598870774,20.655526726338493,Right,0.6113411174534604,0.17344082383188683,0
755,R,0.4531973182924424,0.6452608704102278,Right_Middle,0.4567275341458804,0.6225413249471473,0.0373280623099881,0.043840898780011364,0.034201178065381435,18.95672679010962,Right,0.5615910121998864,0.15374060446862278,1
756,T,0.7439495230569819,0.8260840009791017,Left_Ring,0.7622410378981054,0.8081650535077187,0.03710447400309186,0.04508226019967657,0.046100950019951445,22.513003240233164,Left,0.5491773980032343,0.17597536509398323,0
757,R,0.4859009505496417,0.7849188819111372,Right_Middle,0.4775203560879033,0.8008629527436633,-0.03837338339583231,0.04239061584228598,0.04357428696180912,15.525382206496685,Right,0.5760938415771402,0.17162007369409024,0
758,H,0.7935952171741905,0.7781449251388439,Right_Pinky,0.7833177349352951,0.7685547766878584,-0.012087367456268296,0.018539202801242636,0.054566610760824044,15.681974404926782,Right,0.8146079719875736,0.21082447147134564,1
759,S,0.4519199581570032,0.7647044372617477,Left_Ring,0.45765991177650084,0.7559808732271206,0.036305622432058954,0.03777758405720841,0.04034977850708321,22.06969963528215,Left,0.6222241594279159,0.16046517816611017,0
760,Space,0.48406342432169847,0.7532564331669627,Left_Pinky,0.5036378122470989,0.7317967032939787,0.04320618080320321,0.05206198928656672,0.05998666936327375,22.659941864829282,Left,0.4793801071343329,0.21614319041994545,0
761,R,0.4822508280282687,0.7288408037064606,Left_Middle,0.4811061630891872,0.7942211669429821,0.010970449893100663,0.06630424515533885,0.03784440112749564,22.25089063301379,Left,0.3369575484466115,0.21385543380970023,0
762,T,0.5054295053185588,0.7571760300587599,Right_Middle,0.5054960507644631,0.7796002834296717,0.01322608251528494,0.02603422413363506,0.023067317592599987,18.805516450136768,Right,0.7396577586636495,0.16964976861220488,0
763,E,0.5116563984101425,0.7906553032669952,Right_Pinky,0.5204734815009585,0.7840662248951726,-0.017984086258565783,0.021085166980033786,0.035594439081133834,18.63417030288793,Right,0.7891483301996621,0.21661424813608327,0
764,J,0.559903152588121,0.721196591638269,Right_Thumb,0.56080379719744,0.7418399851506813,-0.0494603004318815,0.053603005281724445,0.025707686982783806,15.010662833754608,Right,0.4639699471827555,0.1455805733865298,0
765,U,0.34606546181269576,0.8602260212851984,Right_Ring,0.3096135187285613,0.8887822930173518,-0.003285270975736089,0.04642195402213885,0.030323753889575887,22.98986872078538,Right,0.5357804597786116,0.13215494402574032,0
766,S,0.42809089330853783,0.791876010018951,Left_Ring,0.40015783099559604,0.8229543325766757,0.045845345981536376,0.062031555287187845,0.03639013036640444,20.230827827940093,Left,0.37968444712812155,0.15697795021164668,0
767,A,0.9157599935482357,0.6900552761075595,Left_Pinky,0.9338422649182347,0.6798451236547636,-0.024886121651287688,0.03241195461323355,0.04641624491082387,19.875505641200935,Left,0.6758804538676646,0.18858611747559734,0
768,E,0.47529847168916073,0.867587275190315,Left_Index,0.4769270719217419,0.8976430589487533,0.029042032807551285,0.04182633316042004,0.04566227918406972,20.245820741266336,Left,0.5817366683957996,0.18750998064559027,1
769,H,0.3684752542328329,0.7379589526709938,Right_Thumb,0.3475167345966213,0.7545143462693675,-0.03905888572277262,0.04731740859813809,0.028984583409964557,16.904847566849888,Right,0.5268259140186191,0.1635446497816254,0
770,A,0.5899480771057105,0.8448701898963462,Right_Ring,0.5781508477684095,0.8243637033230319,-0.020863055377913865,0.03154294994638733,0.05923944954960787,21.661859199358666,Right,0.6845705005361267,0.12266319477896745,0
771,S,0.6869441226584216,0.6846731520427948,Right_Index,0.6699505500427727,0.7201941354799989,0.016540485086717044,0.04270959402164075,0.0285610214557109,17.024197303278598,Right,0.5729040597835925,0.21593826182710205,1
772,A,0.4951299634440801,0.8947713138625596,Right_Middle,0.5133623775032556,0.9134895085247767,-0.008227067351423846,0.02739482380017692,0.037233897289638065,15.871629642338101,Right,0.7260517619982307,0.20525860606198876,0
773,A,0.3360520106043411,0.8824038439343393,Left_Pinky,0.3270648924538602,0.8798642070094296,0.03148554588453027,0.032841401431850145,0.020549093903551773,20.547469233123095,Left,0.6715859856814985,0.1443949501829821,0
774,S,0.46814101937868735,0.9207187483161949,Right_Pinky,0.47188661874750465,0.934934262348177,0.03248822588503522,0.03565943318369259,0.027174052179502466,20.015316078147077,Right,0.6434056681630741,0.21452069871622675,0
775,L,0.3525662658766425,0.7057919229252501,Right_Middle,0.37362345388893925,0.7152290320875124,0.015125874850152918,0.027590873242943178,0.023578632151959957,16.504743269624214,Right,0.7240912675705682,0.177061964756016,0
776,I,0.42285225192791914,0.7732932635125936,Right_Middle,0.42609842227624894,0.7474603609766409,0.03797564983829459,0.04604374502582486,0.043902864626213775,19.04625744284113,Right,0.5395625497417513,0.142375795326534,1
777,Y,0.7352111162636322,0.7148811653242757,Right_Thumb,0.7404303082958953,0.6939186275361723,-0.03883407208954322,0.04443819428198159,0.05660773448144128,16.009775601818813,Right,0.5556180571801841,0.13791543028315767,0
778,G,0.5462303668806284,0.6033486694169029,Left_Index,0.5497519327488378,0.6064795581248313,0.03819274593254751,0.038482330128692774,0.05894972605266016,24.73997221666435,Left,0.6151766987130722,0.1575177831398485,0
779,Space,0.5160717867779999,0.760032051346681,Right_Middle,0.5002213221399778,0.7413887438953185,0.036127407986445245,0.04363484559141103,0.045703472264972345,15.638688637428395,Right,0.5636515440858897,0.16950889961390506,0
780,G,0.5596070971603015,0.907613489720457,Right_Ring,0.5575460362164455,0.8898521703383269,-0.04164209960335098,0.04531861535598505,0.056322757430234585,18.240699543130678,Right,0.5468138464401495,0.14977002450413182,0
781,H,0.3197068333208801,0.7342364774267709,Right_Middle,0.33079650579410463,0.7592274484050857,0.025999859566653363,0.03772959267588325,0.02103361634555964,17.84832022285882,Right,0.6227040732411675,0.14395574251910376,0
782,Space,0.603001474368236,0.7353300774081062,Right_Thumb,0.5933212254983873,0.7355122985046367,-0.046959779758642975,0.047947485207156415,0.05049857519243792,18.343638182825302,Right,0.5205251479284358,0.14519900050334322,1
783,H,0.7566382614389956,0.898185257341481,Right_Ring,0.753528076755502,0.9150034261769086,0.0032423309004284834,0.017407951097422606,0.05140021874661202,24.07756033012224,Right,0.825920489025774,0.12833033518369166,1
784,Space,0.6111566985389255,0.8334007523797883,Right_Index,0.5929244327190104,0.8190084735496551,0.026881588639616927,0.03552707438900543,0.02705512433769862,17.97620141896922,Right,0.6447292561099457,0.19577514310644242,0
785,P,0.3928630602500191,0.8443236099144952,Right_Middle,0.3793537740002956,0.8203125398596461,0.04448823937442112,0.052328154398866684,0.02903634660864986,21.21370468545514,Right,0.4767184560113331,0.16780549258547472,1
786,R,0.5308340823732723,0.6830124644694195,Left_Index,0.5514152333263881,0.6801534220519497,-0.0410765601442468,0.046033049990020794,0.029170476437693854,22.336474214204877,Left,0.5396695000997921,0.19500885462909262,1
787,U,0.436878174726764,0.8053419765429066,Right_Index,0.44610937645212523,0.8044119522885854,0.04692425790110931,0.047832687672529524,0.04417676557935184,21.546640009437873,Right,0.5216731232747047,0.20391848418580555,0
788,A,0.5223610871845501,0.7338433200552457,Right_Pinky,0.4734532517686939,0.7664880242603711,0.03444804373545386,0.0681492538103269,0.04267654172720672,18.998349353671017,Right,0.31850746189673107,0.14541079481470326,0
789,G,0.5582079097493831,0.7653910331124646,Right_Ring,0.5760663114611398,0.7486548165232527,-0.034186040791147634,0.042044129701939346,0.036509565562232435,24.00529145349509,Right,0.5795587029806065,0.18013428517244517,0
790,I,0.45460156886365233,0.7552346395550485,Left_Pinky,0.465608857889965,0.7394116845754211,0.045777770203885154,0.04967021804699288,0.028920423223267235,16.592236420094856,Left,0.5032978195300712,0.1724334834370158,1
791,T,0.534837376682482,0.6124869114915046,Left_Index,0.4840914232792107,0.6162277713488962,0.004841710751028218,0.05111348141416557,0.0314613173013021,22.878417041169214,Left,0.48886518585834426,0.2013643140031641,1
792,R,0.2853058422184682,0.763785564832692,Left_Index,0.3122397419272521,0.7796562015785625,-0.035867165388969405,0.047579045989614904,0.030630103789886363,23.77154802777682,Left,0.5242095401038509,0.18613546803536066,0
793,K,0.24828385152291493,0.7918416081719377,Right_Pinky,0.24935587895856412,0.7788942994502531,-0.009386333902029101,0.01602764206231769,0.034249416068635366,20.25697691047513,Right,0.8397235793768231,0.14311158877316582,1
794,D,0.49290113530725643,0.511227572478592,Right_Pinky,0.4740558874871212,0.4960530906638727,-0.04261589834243709,0.049005337008130964,0.04722989119398423,24.34836141664331,Right,0.5099466299186903,0.2014941066571433,0
795,J,0.6099995245989592,0.738683030673407,Right_Middle,0.6251788311234762,0.7148995336421503,-0.04271619693956388,0.05119315929477927,0.05228319614390242,21.182601459464756,Right,0.4880684070522072,0.18449399556676627,1
796,E,0.5423005066662647,0.7724728040818396,Right_Middle,0.5609453594086125,0.793290540627346,-0.0026612581827020892,0.028072958229886376,0.05172510834360457,15.403103169617332,Right,0.7192704177011362,0.20345215070197614,0
797,K,0.3099707205909792,0.6176200477407037,Right_Middle,0.286977571327914,0.6197098518594496,0.007863633905773784,0.024390345067103025,0.059844994699303405,17.278421321486924,Right,0.7560965493289697,0.17338152336749388,0
798,E,0.5612100752686627,0.6845246275558782,Right_Ring,0.5590390351072368,0.7083862882896373,0.015780605848977933,0.028690064296134733,0.026891265860533593,18.088178380302015,Right,0.7130993570386527,0.1413629528048271,0
799,T,0.48103893511929235,0.7088375049447083,Right_Ring,0.4762257947517747,0.7126437818735526,0.01949608507458868,0.020438967622951994,0.055705289261626045,18.95316319426292,Right,0.79561032377048,0.20591022129964753,0
800,P,0.33399824169323256,0.7710290992296704,Right_Middle,0.32905666156590424,0.7652496571389636,0.03837081911493816,0.03911701579346184,0.04090884308865569,18.283523298589916,Right,0.6088298420653816,0.12328061827307427,0
801,U,0.6061762647599175,0.6498963571419668,Right_Index,0.5996764255078788,0.6177716694325253,0.02775417253258161,0.042948079860452376,0.03367276314767931,20.18580110054215,Right,0.5705192013954763,0.13932733569904848,0
802,H,0.39659953647347534,0.7882107579610106,Right_Index,0.3437599047425988,0.7677005519413665,-0.044514173988579535,0.0720708465213808,0.033418116285460014,24.883232485683656,Right,0.27929153478619206,0.18264064748541964,0
803,F,0.551895507865473,0.633002086210898,Right_Middle,0.5480347802767122,0.6497805190768554,-0.0032445337823422613,0.017519932260622987,0.03272152499732031,20.46194270846085,Right,0.8248006773937702,0.15241728615034106,1
804,O,0.6810719820739634,0.877130956112898,Right_Middle,0.7069817381471352,0.867121102073519,0.0100340498169059,0.029532944204550375,0.052373331394073075,18.026002218215275,Right,0.7046705579544963,0.2086893227545053,0
805,U,0.5318745700195305,0.6859360902525674,Left_Index,0.5381623281903603,0.7137234857929586,-0.03559879577764578,0.04559549884091105,0.059750777237474295,15.80276488724542,Left,0.5440450115908895,0.18528445951073066,1
806,D,0.20478691338324817,0.8360045125308523,Right_Middle,0.20546531401703222,0.8545156636927639,0.0048435640285622444,0.019146358851171726,0.04482118198878731,18.076288624194646,Right,0.8085364114882827,0.1918071533078869,0
807,S,0.5652008234673761,0.7851764456367933,Left_Pinky,0.6071995180473487,0.7806577734168575,0.015709850064565406,0.045067817055013525,0.02457959784094992,22.92907939971775,Left,0.5493218294498647,0.2137721198926898,1
808,G,0.5034972630419728,0.6854889422571118,Left_Pinky,0.5138461667550834,0.6522616005488813,0.01683314907189193,0.03865890521904732,0.057583081713612,21.599978961820554,Left,0.6134109478095268,0.21419747803515377,0
809,A,0.5752763449919538,0.6866683265995396,Left_Index,0.5479128131546873,0.6601844345541138,0.01957993530358862,0.04281977672729716,0.05833596931903359,23.785021066336007,Left,0.5718022327270285,0.15477992812960495,0
810,S,0.7706877753419517,0.8068979966721471,Right_Index,0.7618178174983082,0.8087337066399732,0.0025764971134496703,0.00941723529543581,0.036653655150372694,23.82330535461147,Right,0.9058276470456419,0.12776334106843426,1
811,S,0.4066983209146839,0.6763716384219025,Right_Ring,0.393919825379903,0.6599716187639185,-0.03274567010705352,0.038788265025322476,0.042778062658738694,23.844757625846434,Right,0.6121173497467752,0.1330037167448295,0
812,O,0.18071529071125791,0.9043668485494235,Left_Index,0.18235943578128,0.8780178283899029,-0.0013858810620934955,0.026436617459432446,0.039446725851050794,16.089614407850547,Left,0.7356338254056756,0.2141347008736287,0
813,F,0.6967480540237779,0.6319028898277649,Right_Middle,0.7278795740229775,0.6265303431640358,-0.03948115652333253,0.05056478533064681,0.02600331633096887,22.982060100871855,Right,0.4943521466935319,0.1927202396070094,1
814,P,0.5324425425600694,0.7429221035173025,Left_Ring,0.5594165714990487,0.7341953342214745,-0.00023923802235002734,0.028351577987386068,0.043995717441719095,22.372103835994416,Left,0.7164842201261393,0.13683758597970325,1
815,S,0.6633194069341461,0.76724294317466,Left_Index,0.6610561670886713,0.7925668621164822,-0.03815855790190068,0.04585301152948225,0.043423330476215265,19.332677074786734,Left,0.5414698847051775,0.20780415021123205,0
816,K,0.5648177152256022,0.6754649333763103,Right_Pinky,0.6008588625242401,0.7138544225838257,0.04398864888720866,0.06861281521070375,0.03591585013317687,18.345724819375533,Right,0.3138718478929625,0.2087022021794364,0
817,D,0.4531434650543061,0.7187400857497053,Left_Middle,0.4429491818014816,0.7522843194921494,-0.012804523503417868,0.037324185865951896,0.059314093610744995,19.205481994792315,Left,0.626758141340481,0.21781553196674902,0
818,Y,0.393872577034341,0.7415684271085841,Right_Middle,0.3711788572898876,0.7453152197443578,-0.014023896234385727,0.02693906153688543,0.037764498136399455,18.02581382488155,Right,0.7306093846311457,0.19415745475931295,0
819,K,0.6392566548171242,0.7279953281541317,Left_Ring,0.6450031437996437,0.751845464264684,-0.033339887055397956,0.041393226462608367,0.04307812562469902,18.451769391112588,Left,0.5860677353739163,0.1680246506978524,0
820,K,0.62757519292398,0.6511253414658602,Right_Index,0.6123784328158125,0.6725299693491006,-0.0003838227908150721,0.026253512765722076,0.03813676584316787,24.459265239442512,Right,0.7374648723427792,0.14319205939012372,0
821,P,0.6039484991496233,0.6699842295120422,Right_Index,0.5858834660377132,0.6849343326058857,-0.03197743192166487,0.03965358944856907,0.04988052317962799,17.848845097003256,Right,0.6034641055143093,0.18585191341733065,0
822,S,0.48207264836371255,0.8114658153479996,Right_Pinky,0.48896516100796816,0.793571568187661,-0.04916889055681872,0.05277585253290492,0.03031687851430309,17.77058100572699,Right,0.4722414746709508,0.16954478802451667,0
823,J,0.42736177258172225,0.5396907460757281,Left_Index,0.39098816199771175,0.5593085424977104,-0.02906846367480024,0.05052596425388402,0.054556322095506246,17.04510376524114,Left,0.49474035746115985,0.16946683253816006,0
824,E,0.48319848201096793,0.6628110224305813,Right_Middle,0.48042430163652156,0.6625559469327972,0.007130795518191277,0.007655676650812133,0.03282460568172565,24.843628656635296,Right,0.9234432334918787,0.19219357188646502,1
825,K,0.8260210559709159,0.7333088023627482,Left_Ring,0.8092482698546474,0.76961218239151,0.03946788849367233,0.056186973381414144,0.021689810888218156,22.51740617236067,Left,0.4381302661858586,0.153912514369667,0
826,A,0.67079914683274,0.744014407408508,Right_Ring,0.6613620119147484,0.7367010448026826,-0.026188448120160104,0.028781584442260616,0.047366794146355834,23.74025360718884,Right,0.7121841555773938,0.1512165081186481,1
827,G,0.4154032179858552,0.8253447137139094,Left_Pinky,0.43123685737988354,0.8218456589729709,-0.02947736265989165,0.03364316319734195,0.038460723859101036,23.870119664027097,Left,0.6635683680265805,0.19025111848055248,0
828,Y,0.5329164067705117,0.6017107608187092,Left_Middle,0.5594506607735659,0.5881847872388493,0.021356363793989003,0.03664850435260451,0.04744535867100192,22.113625784608104,Left,0.6335149564739548,0.19626316762529308,1
829,I,0.43794367044576177,0.6725171212103491,Left_Ring,0.44551693639500467,0.660490812750891,0.045898606336198175,0.048048605764426565,0.03271887775480864,20.738544355055236,Left,0.5195139423557343,0.20805078133250768,0
830,I,0.6044615221713628,0.8220852197376557,Left_Index,0.6098702803581735,0.8122122168028024,-0.04801815778456701,0.04932012093556326,0.04376406723797434,21.49376650970092,Left,0.5067987906443674,0.19353320428690235,0
831,J,0.5582385193451765,0.7708256092157401,Right_Thumb,0.5715315783031626,0.7474924486077602,0.04672996502113912,0.053896488116529084,0.044825849566833456,22.64775167176093,Right,0.46103511883470916,0.2078339053242565,1
832,J,0.49648756848181763,0.5642808635492766,Right_Middle,0.5415208258563697,0.5772356379672086,-0.004433371467983685,0.04706883504565719,0.03774273884593326,24.856454366316008,Right,0.5293116495434281,0.15666424033744014,1
833,I,0.3392668972216023,0.7634993593147679,Left_Ring,0.3514545808744358,0.7782363717965662,-0.01818364715629274,0.026388713375509222,0.05015927996348789,17.407503484085655,Left,0.7361128662449078,0.19844717823388708,1
834,O,0.4336742204009181,0.6694820689138476,Right_Pinky,0.4342554289242649,0.6615352289693321,0.03246252912605678,0.03342612549655498,0.040435297825041336,21.45905499843267,Right,0.6657387450344502,0.12846946820874933,0
835,R,0.4773050481176027,0.759969646565521,Right_Index,0.46772883784065994,0.7856462140945184,-0.028654190648495004,0.03964911808678329,0.029919539535396528,21.166161395978808,Right,0.6035088191321671,0.19672720095480525,1
836,E,0.5462723314420896,0.7823206284861245,Right_Middle,0.550078016289826,0.8009285486547033,0.020721411723852154,0.028108981375885713,0.03308395514480786,19.12719483144798,Right,0.7189101862411429,0.17049065864771426,0
837,R,0.6713131396436508,0.6771795971024976,Left_Middle,0.6606998552520834,0.6811405067472501,0.04797868649784148,0.049297920532699324,0.04753074833652059,19.01297529736358,Left,0.5070207946730068,0.13501977243277302,0
838,O,0.11614813745815039,0.8809164382997292,Left_Pinky,0.07491145931197074,0.8805832642263602,0.005214761444794089,0.04156643316933613,0.03035353355764222,16.721983667427065,Left,0.5843356683066387,0.14999749099950693,1
839,J,0.42117068515703054,0.6153621722559254,Right_Middle,0.4107433925326868,0.620245696625718,0.01686440268928277,0.020420218407508274,0.03558975351213508,21.819767350519506,Right,0.7957978159249173,0.19291508641093894,0
840,F,0.6518395428047266,0.7798586970812674,Left_Pinky,0.6786642351126723,0.8020062908238739,-0.006797869225379859,0.03544419630925306,0.04997883093651639,20.625069477100784,Left,0.6455580369074694,0.16639281631949016,1
841,Space,0.4563522735984876,0.6939176852170711,Left_Middle,0.4667788778968889,0.719478380065593,-0.036039074918092245,0.04539689548071054,0.027234330297692337,20.20379301190129,Left,0.5460310451928946,0.12205461830568491,0
842,P,0.550103777311494,0.6505618482594753,Left_Index,0.5464968037455866,0.6149581463662623,0.03313350145659366,0.04876948600897925,0.037164727192064415,23.545456804119013,Left,0.5123051399102075,0.14696344704412698,1
843,D,0.31020535831803575,0.809060453597946,Right_Ring,0.35452408327100227,0.8140493527289866,-0.03994775385188163,0.0598737132121177,0.05625391210830717,20.253683657700876,Right,0.40126286787882304,0.1637088009622264,0
844,F,0.47955501605126627,1.0,Left_Pinky,0.49675464341402453,0.9894690875960523,0.04754744321435095,0.051647716829491014,0.05044965716750978,17.573037257812175,Left,0.4835228317050899,0.1593741347502256,0
845,O,0.4625929235051857,0.653937731937929,Right_Thumb,0.4549710167032773,0.6563246524191432,-0.0028613308776628057,0.00848398886562708,0.05270018460029337,22.772758095523614,Right,0.9151601113437292,0.1975074343334137,1
846,G,0.7298394229511131,0.7897343705742991,Right_Pinky,0.7578639018415374,0.8035785791292763,-0.0265488430365626,0.041010664395661506,0.029762572292671607,19.415698131540513,Right,0.589893356043385,0.13783951070787612,0
847,R,0.29662567107141624,0.7430082363696322,Right_Index,0.2994752977150464,0.7491457255295756,0.017926641615452724,0.01916125321594052,0.03511761614070968,15.861006231127725,Right,0.8083874678405948,0.1508174417430636,1
848,U,0.5684151686341333,0.589092821897933,Left_Middle,0.5629404509809619,0.5850570813933423,-0.01479468578906741,0.016283195705990076,0.04366479416974703,16.53052841179869,Left,0.8371680429400993,0.2183034643939902,1
849,K,0.5539124810377729,0.7800809028268161,Right_Pinky,0.5406215626187176,0.7766495729044188,-0.03957518307202232,0.04188815647223453,0.05949193235964062,16.36903289077311,Right,0.5811184352776546,0.1847354173385276,0
850,Y,0.30600972495170053,0.5494390693186512,Right_Index,0.25999304742729823,0.5792080681036336,0.00591818048733659,0.055124883304418955,0.05672076605473071,20.565305351299287,Right,0.4487511669558104,0.12445902967218153,1
851,O,0.5055549128323709,0.8602905336071408,Left_Index,0.5321203739094147,0.8547681189829149,0.03506625545657753,0.044338054279182665,0.04006938094055981,18.88675175402237,Left,0.5566194572081733,0.14379430880753247,0
852,Space,0.7103689658994251,0.6686192955061183,Right_Thumb,0.7023178605556535,0.6578299125608584,-0.03545303762688395,0.03792293446674745,0.029366265299926753,22.654158643088095,Right,0.6207706553325255,0.20571710876125104,1
853,O,0.2652291571432535,0.8387815020348033,Left_Middle,0.2566402896572371,0.8409652929803401,-0.04220158349397002,0.043122050472869225,0.024185382319586956,21.419425541612704,Left,0.5687794952713078,0.15119573618054283,0
854,T,0.46205501181743575,0.9356640132752163,Left_Middle,0.47576474744566566,0.9332638302632575,0.024303776424134838,0.028006986234887617,0.05201919358309136,17.856968075630288,Left,0.7199301376511238,0.1777708084448275,0
855,A,0.7581563204418404,0.8498727074919425,Right_Index,0.7983934312329126,0.8229890164852861,-0.01570838961870369,0.05087741573004072,0.05115365354699676,22.345088955683607,Right,0.4912258426995928,0.17115297362811588,0
856,S,0.7977633001953449,0.7683346483036254,Right_Index,0.8303203405800039,0.7399956218527453,0.029991271852468387,0.05255984861204097,0.021196373467677936,19.969785112009863,Right,0.4744015138795903,0.12292066894736878,0
857,S,0.5710340740149106,0.8379571272517173,Left_Pinky,0.5837711561910812,0.8452042673872291,0.0004559173011689857,0.014661588013983153,0.04080907988320635,15.168407262674735,Left,0.8533841198601685,0.1475262781370093,1
858,S,0.6758787694380479,0.6919741276327706,Right_Ring,0.6703457560941093,0.6904625056498291,0.0297441902830696,0.030292178747639904,0.023334377609150626,20.51669399878419,Right,0.697078212523601,0.13881026171244343,1
859,Space,0.4473268302621542,0.716087715603948,Right_Ring,0.45816660207405874,0.7237897353867887,0.01884742866447156,0.023066151151238338,0.05805294802599123,21.5613495186384,Right,0.7693384884876167,0.20513394884000896,0
860,P,0.6329606553078746,0.6200212717688756,Right_Thumb,0.6115930492264444,0.5740682148194584,0.01543700710242936,0.05297696877821538,0.054232960683086126,20.282090053633,Right,0.47023031221784617,0.1682239649383045,0
861,S,0.518459767696597,0.6858762361724255,Right_Index,0.524890907877975,0.694291321708577,0.028006960137307205,0.029942662619513234,0.024831569180783396,17.490109228238442,Right,0.7005733738048676,0.17619033578290025,1
862,K,0.3069028347043026,0.8209428118557047,Left_Index,0.2820222760705728,0.8152089636129387,-0.029492234082198112,0.03900911540597537,0.04970891649837145,18.439096183261434,Left,0.6099088459402463,0.15469486405703628,0
863,Y,0.37417283724803563,0.9017782365534127,Right_Index,0.3772673098018749,0.9120040245910596,-0.04370126614426906,0.044988255845160106,0.023515633138822233,17.015965133604528,Right,0.5501174415483989,0.18405078063758248,1
864,Space,0.5425228956313326,0.7402154931963632,Left_Ring,0.5313754664024318,0.7545517917279885,0.0187058488517568,0.026071122247920304,0.04499659683170967,16.146546534353334,Left,0.739288777520797,0.1622585154952832,0
865,I,0.5131903659171481,0.8201900355834147,Right_Middle,0.5316786430307581,0.8361179018107512,0.03680417999240877,0.04415949476725456,0.047489778378878314,23.45739435869381,Right,0.5584050523274544,0.16394090950265794,0
866,S,0.20030748929025027,0.6255519363458713,Left_Index,0.23372505596808768,0.6378994775432687,0.026311386006895407,0.04428865057656406,0.04483349495626565,21.7050704308959,Left,0.5571134942343594,0.17738278097756147,0
867,U,0.39789387529683806,0.9421692339132873,Right_Index,0.3976907536910066,0.8943744302366409,0.04328556753054982,0.06448274864890394,0.05717972219378786,18.712137503018546,Right,0.3551725135109607,0.1456327251486688,0
868,H,0.238025502429365,0.7718181582787084,Right_Thumb,0.2207154829878057,0.7456616367452179,0.0011872130834016947,0.03138805292949073,0.03556973985266308,18.798779273941612,Right,0.6861194707050927,0.2109497064136836,0
869,T,0.45971991048083016,0.7990986736438395,Left_Pinky,0.42557746499791643,0.8033217735819771,0.02391242198766505,0.041896838567574535,0.05009162684081957,17.28048940794395,Left,0.5810316143242547,0.12152124581732485,0
870,A,0.3704966875869816,0.9054090483561164,Right_Pinky,0.32768358312100465,0.9036929853287722,-0.01937923192827089,0.047026177991180494,0.044833127548083315,17.827304059012647,Right,0.529738220088195,0.18916205962822036,1
871,L,0.7619869012202071,0.6911149268491459,Left_Pinky,0.7659120039842446,0.7158804262433734,-0.01840457794584721,0.031104097500466183,0.03340529573677362,17.784565816926364,Left,0.6889590249953381,0.21480689237212286,0
872,F,0.4372128750784365,0.7777148738791476,Right_Index,0.41727107035897965,0.773387315855323,-0.04256910728741518,0.047207332366550676,0.02768887244717146,18.897210941396715,Right,0.5279266763344932,0.16140640308874657,1
873,F,0.38839687454628824,0.593624568721808,Right_Middle,0.3683200626626074,0.6224696009031656,0.00748527128576261,0.03593248590311732,0.05770856227134606,24.146479816664403,Right,0.6406751409688268,0.16328356246746017,0
874,U,0.6620062320275826,0.9409089163391346,Left_Pinky,0.6370249291439656,0.934447793641868,-0.016800633791914744,0.03079079239126808,0.053099745327921416,19.24285264368253,Left,0.6920920760873193,0.1706646976804625,0
875,T,0.6172997197630046,0.7187824942110654,Right_Middle,0.5957413756670757,0.7130120184501145,-0.021041589946843034,0.030672611531418013,0.045868229779331526,17.16910086542461,Right,0.6932738846858199,0.18400981222696902,0
876,G,0.5889985801831761,0.6018412382118827,Right_Pinky,0.5840081551571268,0.5994271912549707,0.01973447596414997,0.020498329352179125,0.043482445417425325,16.671602064193685,Right,0.7950167064782088,0.17726441210833563,1
877,P,0.35302788834191456,0.6140139747589328,Left_Index,0.3585257834038942,0.6345431401592638,-0.021237937426840804,0.03004535685081961,0.04797742980512748,22.32493033376793,Left,0.6995464314918038,0.16426412167822407,0
878,Y,0.6454235548585899,0.7184373229565273,Left_Index,0.650463990702665,0.7139624886275676,-0.026699258033158035,0.027536893711728398,0.05591582188156424,23.076255387346922,Left,0.724631062882716,0.13752425927453232,0
879,Space,0.5738978804618771,0.7530878642651299,Right_Thumb,0.5871992769495995,0.7845307537762947,0.04367455526806319,0.055435090215476504,0.05455992812381298,19.267074420690854,Right,0.445649097845235,0.15699080408592825,1
880,I,0.3140976086748631,0.8809309662576092,Right_Middle,0.30065860752664847,0.8993613408517063,-0.035775071498580405,0.04242807089968846,0.028767194196863438,19.368588195813004,Right,0.5757192910031154,0.12432518465638334,1
881,J,0.5493796870828366,0.7731671323102224,Left_Middle,0.5424707832572188,0.7373868061319818,0.009579218046898527,0.037679253069599856,0.04602213304316435,20.70678920949775,Left,0.6232074693040015,0.16227867495882695,0
882,L,0.6325158890773441,0.9020396470861676,Left_Index,0.6024327452564635,0.9050155072234582,-0.008728075904376818,0.03146475162299977,0.03752841049362035,17.82193903450308,Left,0.6853524837700022,0.17585288213618602,0
883,H,0.4838231365683699,0.8131654145361038,Right_Pinky,0.5124123903111797,0.8028158216840495,0.019447694436467614,0.03609255214955393,0.045355799324070814,18.145317153486708,Right,0.6390744785044606,0.16265886619294953,0
884,D,0.4351641348816261,0.65935230239741,Right_Pinky,0.4115731003646737,0.6454059044213565,-0.0012560534595759537,0.027433858576216042,0.04817228020263821,21.847421050072846,Right,0.7256614142378396,0.18084223884498662,0
885,P,0.4784728549061126,0.8391944724200395,Right_Pinky,0.46357057468451696,0.8255692049690383,-0.04146700944863563,0.04612199845548228,0.04847050141605831,15.894217024412198,Right,0.5387800154451772,0.17948465167260325,0
886,Y,0.41274294112141513,0.7985623011161576,Left_Pinky,0.44045227992199254,0.7964257607907372,0.02378144635275517,0.036577717970867236,0.03286860020931823,22.453641580721204,Left,0.6342228202913276,0.13280119362956702,0
887,T,0.4209219201252403,0.6905494960236207,Right_Ring,0.410911544603385,0.7119251240123257,0.0014191197193078459,0.023646119994151154,0.040665552239549096,15.666487534524062,Right,0.7635388000584884,0.15576888730795838,1
888,A,0.24027683771321906,0.9077982418010082,Right_Index,0.24038955272206933,0.9188568211532706,-0.025129275736462488,0.0274551521759153,0.03774042485680493,20.149249904930187,Right,0.725448478240847,0.1634366189013717,0
889,L,0.48494607194901157,0.7839989120974903,Right_Pinky,0.4982138750776493,0.801256182063822,0.028945394086484513,0.03621717555764165,0.056544812457933094,17.548873303796814,Right,0.6378282444235834,0.14755040552389326,0
890,G,0.5119172772115272,0.6462671569816402,Right_Ring,0.5445871280641401,0.6515414684232936,0.012200422228098438,0.03527021148872522,0.0219007111426277,17.446250008962878,Right,0.6472978851127478,0.16409260989229785,0
891,R,0.5610729562292824,0.536851582636959,Left_Middle,0.5750761414847462,0.5414028460499307,0.009340129911369219,0.017436777876498458,0.037377018060086614,20.894295888696735,Left,0.8256322212350155,0.1901685717388561,1
892,O,0.59874255737489,0.9380323277132473,Right_Middle,0.5891776827024614,0.9303485873865356,-0.008327797582363537,0.014828314316887881,0.04956406812283866,19.280480052812187,Right,0.8517168568311212,0.12096807558355593,0
893,R,0.46093793206045924,0.7010455563646588,Right_Index,0.44507838817317635,0.6740026747520192,0.012740033728389305,0.03384008034311368,0.04643936623857893,19.488365890792327,Right,0.6615991965688632,0.134508705248767,1
894,F,0.4862211396264329,0.7968580963018423,Left_Index,0.5065000271772482,0.7572653390842614,0.044408152956299324,0.0628562149145094,0.05646939564022717,16.84342851425793,Left,0.3714378508549059,0.18984562938545638,0
895,K,0.7059928964728118,0.6647247577094046,Right_Pinky,0.694753785928171,0.6547943719429158,-0.020162845410038335,0.0251290768301393,0.051521658928254235,21.651286571685134,Right,0.748709231698607,0.1657884255880637,0
896,L,0.5273375359264914,0.6085083609457782,Left_Middle,0.5518553520520787,0.5873076261928396,-0.048197528541163354,0.058082667114284836,0.03358523847905709,24.864385261325122,Left,0.41917332885715164,0.18414174081263285,1
897,Y,0.21192057135461007,0.5979349096742551,Right_Index,0.22293420383609844,0.6084675089928882,0.0028846271600483503,0.0155098943483395,0.0372149933756894,17.739018132952825,Right,0.8449010565166051,0.17348469134443245,1
898,E,0.1016630818920436,0.6935548466869353,Right_Index,0.14391765457572303,0.6714757474943397,0.04542818510170654,0.06585328796249841,0.02204811640238263,16.05347975845364,Right,0.3414671203750159,0.17014705441210193,0
899,A,0.5451199770095984,0.5436976900277929,Right_Middle,0.5662658283557767,0.5259035941378336,0.01307021747446939,0.03057135035495916,0.05133428155877451,16.129638090760732,Right,0.6942864964504084,0.12143737245645159,0
900,U,0.4383407777485925,0.7430760165710971,Left_Middle,0.44466927449793436,0.7449082604157721,0.048196681133889765,0.04864490786233052,0.052848999005647074,23.007899036094233,Left,0.5135509213766948,0.20552029292371043,0
901,Space,0.5494906076138248,0.5261015783686986,Left_Ring,0.5818285955007613,0.5233669018123608,-0.039977806160279405,0.05149222176049801,0.056794083104924994,22.275437993487337,Left,0.48507778239501986,0.170849729747902,0
902,Space,0.44574117888909387,0.7962225813093006,Left_Index,0.46590648297130266,0.7875527998658547,-0.04631615480369741,0.0512541783155786,0.05070478998169676,15.917190241328568,Left,0.487458216844214,0.19572827583710967,1
903,Space,0.5293433596063365,0.7088983207049193,Left_Ring,0.5493347083957125,0.7283765503980669,0.03439188503896022,0.04429285738051407,0.042255984600900486,16.188617974637058,Left,0.5570714261948593,0.20331578257369087,1
904,U,0.324656198656616,0.8890417315283323,Right_Thumb,0.32931084935842975,0.8454827241913321,0.015303385863886118,0.046403087313666165,0.04139197850014604,24.768292566792006,Right,0.5359691268633384,0.13533494083413813,0
905,K,0.6174735768531538,0.8046007013724883,Left_Ring,0.625276590161378,0.7715326799758611,-0.03157503962899645,0.0463828005121383,0.040968454400667,24.26233763467672,Left,0.536171994878617,0.13743312918191583,0
906,A,0.5548335975504392,0.7740715554086607,Right_Pinky,0.5355571683696148,0.7803284072641102,-0.036247503588194646,0.041528429220000176,0.03452608001606023,19.252846789961175,Right,0.5847157077999983,0.21622984811466878,0
907,J,0.3912739931784197,0.6701183927358604,Left_Ring,0.37894275064376803,0.6702785581411225,0.0020972555676075505,0.012509343560767142,0.02317448650289493,22.88701884087912,Left,0.8749065643923286,0.20047003362316818,1
908,D,0.5789553434948246,0.669479440803921,Left_Index,0.5849017026096207,0.6659613652140188,-0.03613804671220564,0.03679258706250406,0.052078995257722166,21.82058517333489,Left,0.6320741293749594,0.1424957597604025,0
909,K,0.49030451775307826,0.7441973681898203,Right_Pinky,0.49644710710390927,0.7432549674928455,-0.0359718589140369,0.03650471417143239,0.039697031203169766,19.043118059751443,Right,0.634952858285676,0.19498001348850857,0
910,F,0.5191183974224822,0.7194065039937517,Right_Ring,0.5028508658353535,0.7093894999518637,-0.04865943115072144,0.05227535933712201,0.042920400694389196,19.926968932475244,Right,0.47724640662877993,0.12602401054100465,0
911,K,0.4483957884940813,0.6726821587627827,Right_Index,0.4625338624834635,0.6730880771112442,-0.011774721947796593,0.018403640476351044,0.0357081178892656,23.03326609365795,Right,0.8159635952364895,0.14875460856031442,1
912,E,0.3423646583370795,0.8796446615413602,Left_Middle,0.33397284300504554,0.8511457661426878,0.04968471632581675,0.057889382790701056,0.033185896179367166,19.023106536852172,Left,0.4211061720929894,0.13888647624425962,0
913,U,0.46219986117239303,0.6950687754790719,Right_Middle,0.4435581520546348,0.7041176044134884,-0.017850259962903285,0.027350071383063564,0.03831858541780366,24.385010011644464,Right,0.7264992861693644,0.13391329292738596,0
914,O,0.5809600501205813,0.8212621714531928,Right_Ring,0.5684063845608335,0.8516618813708545,-0.02165481190717571,0.03937851902749946,0.02968747032369619,15.771014755396532,Right,0.6062148097250054,0.15581798445950126,1
915,T,0.6435027188933373,0.7565351625286048,Right_Ring,0.6220083034680836,0.7769306028549844,-0.040660932317360544,0.05031197966187849,0.05479786886114037,16.36975450423333,Right,0.4968802033812151,0.1659744426460705,0
916,P,0.8630965341903338,0.8468282982517199,Right_Index,0.8455579582166374,0.8220700862386877,0.04624768243155046,0.055312013519279106,0.059617923364062964,20.947376192775828,Right,0.446879864807209,0.1389224461548988,0
917,U,0.8060719869876014,0.7676556243614462,Right_Middle,0.7978045485527334,0.7795271757731814,-0.02140619631746188,0.025836205448508183,0.025814520973068404,17.667866826598985,Right,0.7416379455149182,0.1392893739370238,0
918,I,0.3632363865156084,0.7426372168763402,Left_Index,0.34203669154160504,0.7226967731728512,0.037439451940516205,0.04742110209272894,0.03533528098316568,23.242792057951956,Left,0.5257889790727106,0.12590118756733437,0
919,S,0.31115551511793443,0.7585854816942436,Left_Pinky,0.2868639284000205,0.7516063434351712,-0.002075255181237287,0.025359342266321343,0.05912112878352961,20.529846524825235,Left,0.7464065773367865,0.13504715370125764,0
920,F,0.44478949097982884,0.8043708614976368,Left_Index,0.4244784128909169,0.8182575626622904,-0.04981435506662372,0.055559430640296614,0.047588677492837,24.820278956724877,Left,0.44440569359703386,0.16338553049711516,0
921,R,0.34143001511586724,0.9702621022120843,Right_Pinky,0.34271472423247523,0.955355779871434,0.04896800230762374,0.05120267740301389,0.02632569486823949,20.988526356776486,Right,0.48797322596986115,0.1459566667863505,0
922,Space,0.31831606782356014,0.9437919007862301,Left_Pinky,0.30078444419219424,0.906897364326205,0.03835395892444886,0.05603205165733533,0.026985236131344705,17.942717583965468,Left,0.43967948342664664,0.1970888576471918,1
923,E,0.32604822127006794,0.9728465218453938,Right_Pinky,0.34299985729866606,0.9855968203880252,-0.04490746077899698,0.04966495857835228,0.0496266628424366,20.319914705748808,Right,0.5033504142164772,0.13289146999601933,0
924,F,0.7828454031455852,0.5866191006598449,Left_Pinky,0.8091782606641476,0.609202237974782,-0.02500751474636356,0.042764392546460944,0.04653415826302002,24.25505822164037,Left,0.5723560745353906,0.12137148242736454,0
925,E,0.5425960145452536,0.7251868482599264,Right_Ring,0.5636927906465179,0.7092440320068175,-0.025985898300681598,0.03707444217302042,0.04482571501388087,24.436687474839584,Right,0.6292555782697958,0.18236661784486255,0
926,R,0.6907812278882618,0.8529014758555605,Left_Middle,0.7022119922085337,0.8466794978808766,-0.048026967660027876,0.04975906958013199,0.05856576200783485,15.578567318141596,Left,0.5024093041986801,0.14715051149741842,0
927,D,0.5893945905559731,0.8472780584289828,Right_Index,0.5949073508446534,0.8275214075164654,-0.032461942439637376,0.0383991339516122,0.049857668625313475,23.903759706379002,Right,0.6160086604838779,0.20144459399271664,0
928,O,0.7641536467857197,0.6756043027611061,Right_Ring,0.7508334892926494,0.6528849133845359,0.00816082307278284,0.02757165723183268,0.029709112543829727,18.295483217702415,Right,0.7242834276816732,0.18950417858185598,0
929,S,0.5457028198614433,0.9137154464127266,Right_Ring,0.5309021051995366,0.8829975012404456,0.04899380735662104,0.05969125957297378,0.055454505403336504,22.8085258445328,Right,0.40308740427026213,0.15692763373824462,1
930,Space,0.6819326647457356,0.7233291478562566,Left_Pinky,0.6828441883087544,0.734705632402427,-0.027416667622151947,0.02969728841727387,0.05456209118600534,16.97677333505607,Left,0.7030271158272613,0.1799131573508549,0
931,F,0.3906091219623014,0.7875382483596594,Right_Thumb,0.3892134689180195,0.7633330598631572,-0.017981460418501176,0.03018562433267425,0.05751409885557465,22.383283506167423,Right,0.6981437566732576,0.18999743917485437,0
932,K,0.6401989963585866,0.6901761028782946,Left_Pinky,0.6515911000112256,0.6999415482981447,0.03289354455461592,0.036154242119660666,0.03726641704248325,15.71801735762961,Left,0.6384575788033933,0.12991650344042122,0
933,E,0.29183806227894904,0.9710619301727891,Left_Index,0.27106576608247834,0.9933465123563441,-0.04986487994132549,0.05843455436582308,0.03686268171244687,24.43917219167932,Left,0.41565445634176923,0.1983400843209338,0
934,O,0.3831395533337945,0.7182934181318738,Right_Pinky,0.38846023221217874,0.7060644957127507,0.026264998864834563,0.029456855443675187,0.020163764216791162,17.9458208344391,Right,0.7054314455632481,0.2032709217211052,0
935,K,0.37415749925942177,0.7108420592030701,Left_Ring,0.3684160184271658,0.729291430803865,-0.037088400203267036,0.04181977216878495,0.044151315208692435,19.92442072593832,Left,0.5818022783121505,0.16878724530070208,0
936,Space,0.38241574587500077,0.729801894938906,Left_Pinky,0.35342452110510575,0.7370838397395663,0.03001829146892908,0.042362904249496604,0.044248677984306595,20.116467376842905,Left,0.576370957505034,0.14503568964689836,0
937,T,0.48914260571466334,0.6268526764639124,Left_Ring,0.48460255100344085,0.6180645827710636,-0.02326592110873421,0.025281332492039003,0.04230484478554088,16.82166227814284,Left,0.7471866750796099,0.21474355754840307,1
938,Y,0.4849118927761703,0.7649202550492912,Left_Pinky,0.5007841852754449,0.7470753250438905,0.02069811821175241,0.03160353292889663,0.0283977955742344,17.21535874454925,Left,0.6839646707110337,0.17859971655494705,0
939,R,0.31689628460333585,0.8858568895876285,Left_Middle,0.2931163333912463,0.8732846316530811,0.005429108633550464,0.027441263997437168,0.04659976780827324,20.79259738927433,Left,0.7255873600256283,0.14181096534605617,0
940,K,0.6119113179245027,0.8252654118109328,Right_Ring,0.645031659871006,0.8225195470797344,0.0067966534213743865,0.03392184136372351,0.02808436229942067,15.772767512885082,Right,0.6607815863627649,0.14371940096848645,0
941,E,0.519289248228194,0.6061526829553359,Right_Thumb,0.5118757590042695,0.5928834693246292,-0.03417806640538021,0.03740550863256848,0.04866088230760471,16.697627375230248,Right,0.6259449136743152,0.17303385740467303,0
942,Y,0.6108567417449645,0.8500368434832275,Right_Ring,0.5889284156954541,0.8567074342178922,0.04391412475169032,0.04953583164528535,0.038399089131427463,18.006609852424017,Right,0.5046416835471466,0.12854812204313618,0
943,J,0.3884775814265408,0.7107903804032744,Left_Index,0.4026610212143029,0.7397553068765171,-0.028510629459748606,0.04304640428658959,0.046566506846147014,20.222700289812956,Left,0.5695359571341041,0.18313888375018944,0
944,P,0.3995443087871598,0.6306773316232324,Left_Middle,0.39733363536081123,0.6243226346199591,-0.03949380509419509,0.040062824311569004,0.03058629922108003,17.910114960883696,Left,0.59937175688431,0.19641589875014143,0
945,O,0.3219920733739462,0.8529869340143469,Right_Thumb,0.30659039449533365,0.8659600358722804,0.04236969085008889,0.04691165939111859,0.03690035518675361,20.5592033947391,Right,0.5308834060888141,0.1364150822693301,0
946,R,0.3796065348581904,0.7976461581398246,Left_Index,0.36026174038873693,0.7948249061776796,0.048355366477260686,0.052157664852344486,0.02837210394959592,23.752624134496294,Left,0.4784233514765551,0.20443657071174523,1
947,L,0.3605317963140688,0.7742703077380817,Right_Index,0.37222467747202326,0.7737996178609561,-0.019409759020313045,0.02266459273759621,0.0565119470169544,19.968626745426242,Right,0.7733540726240379,0.12349631124466524,1
948,P,0.5833482936849669,0.635134674645369,Left_Index,0.5464551970791541,0.6573588209117608,-0.005020413807468191,0.04336147840231034,0.04709441619194782,21.308710702626314,Left,0.5663852159768966,0.14723132287510968,0
949,A,0.5334398324992957,0.8499138138572979,Left_Index,0.5168466798710959,0.8481162981777672,-0.002229275801860865,0.01683845145379039,0.04474532751276936,20.718951131900145,Left,0.8316154854620961,0.17337491535529784,1
950,D,0.6386755491341685,0.7538779342555337,Left_Pinky,0.6356010779451121,0.7450639662187717,-0.006295158714287832,0.011259104266480285,0.053039477140548574,19.82577154473404,Left,0.8874089573351971,0.21513848689060486,1
951,Y,0.476462118343566,0.6750796611754434,Left_Ring,0.4835537832254813,0.6887367440143187,0.04454511351724208,0.047128279840550916,0.04318206704863374,15.006486750226632,Left,0.5287172015944909,0.2021381286502696,1
952,I,0.6153886654397162,0.7755062763619476,Left_Index,0.5981659700226456,0.7830277484223656,0.04743985960977022,0.05102679746152544,0.030502644485629244,20.302400507437547,Left,0.4897320253847456,0.17356800773284006,0
953,G,0.4497489586864712,0.6767211546437248,Left_Pinky,0.48126560558435094,0.6833290738959075,0.025157923611193483,0.04086422333723774,0.033143835834194994,15.194119226883599,Left,0.5913577666276226,0.13264303549032472,0
954,H,0.5054744518630818,0.7383200539037279,Left_Index,0.5068205025930552,0.730761797033717,0.04995751590580269,0.050543965959936876,0.05989291697498236,15.640706598909293,Left,0.49456034040063124,0.12175326364830723,0
955,S,0.40743606678915784,0.9198469042464366,Right_Index,0.40426460242062023,0.9324667131623098,0.018189850283476777,0.022364892502521827,0.04290398741461875,15.305597586100653,Right,0.7763510749747817,0.1509010333250517,1
956,S,0.633718462991178,0.8554791751441088,Right_Pinky,0.6360041551575369,0.8122669612925489,0.015733289430548664,0.0460440681406162,0.055535799203405,15.657312618265918,Right,0.539559318593838,0.2015992012858241,0
957,Space,0.44004788621728147,0.6780054129222763,Left_Pinky,0.4417255760085419,0.6946887404320738,-0.03220520506253108,0.036308721995610686,0.04032689271452278,17.428424303960973,Left,0.6369127800438932,0.19060959332166671,0
958,D,0.07735949117553176,0.8094714419476291,Left_Ring,0.09890105670217282,0.7759821530557082,0.022380879453540198,0.0456779518032388,0.04718773208580283,18.53927478282389,Left,0.543220481967612,0.21508936548240426,1
959,K,0.4608673599917328,0.8639542960519474,Right_Thumb,0.44460911757011357,0.8814799061196228,-0.017071809947701314,0.02937557062892187,0.028118844539335643,23.71709161142126,Right,0.7062442937107813,0.15829864306405356,0
960,Space,0.40713237354268816,0.7360664215671305,Right_Middle,0.4184905386424301,0.6814839847413301,0.012342505057388167,0.057101556505643025,0.026968042716008674,17.814185832661376,Right,0.42898443494356975,0.18094628092059864,0
961,I,0.4738184242764492,0.6619416799763173,Left_Ring,0.47874258673738296,0.6653516459933829,-0.0249124071171689,0.025622319812046282,0.035216848092190445,23.247483721457698,Left,0.7437768018795372,0.18672267274330467,1
962,E,0.5414345055087618,0.744332391088494,Right_Middle,0.5549225729805328,0.7369029299449239,-0.030709226489542753,0.034353769059491855,0.054291905037871,24.524483560734815,Right,0.6564623094050814,0.17990818029687897,0
963,Y,0.7053224717965396,0.5999917275372888,Left_Pinky,0.7055342042080543,0.5897994724653481,-0.017043941597551418,0.019860081551854956,0.020592799444016006,20.108262387075847,Left,0.8013991844814504,0.13716061052353926,1
964,Y,0.6285132830564893,0.8328268487005632,Left_Pinky,0.6068367327104951,0.8463563352425966,-0.0028153168808868895,0.025706922222103745,0.0379329145525347,24.333201309749526,Left,0.7429307777789625,0.21295016591982488,0
965,Space,0.34479532972164983,0.787484589462083,Left_Index,0.3192247983718192,0.8070672928820966,0.03915952626754077,0.0507030851551175,0.04376423074778788,20.246762431402622,Left,0.492969148448825,0.1854181834388932,0
966,U,0.3082814575618329,0.7428692734287864,Right_Index,0.32521280155855575,0.7520150856246902,-0.021539147390654358,0.02888340631875747,0.03422455237308622,22.785147739068847,Right,0.7111659368124252,0.17205528724465163,0
967,H,0.7402127359224397,0.8200267735025507,Right_Middle,0.7288577810282777,0.8348415334293083,-0.04948167614559104,0.0528852378884039,0.025685559438166562,19.49798304608872,Right,0.471147621115961,0.18492148273518078,1
968,D,0.48835384904002155,0.7541014272251324,Right_Thumb,0.48020451616208143,0.7271931917129053,0.03438270861046351,0.044414360471912655,0.043116986107680805,24.508011245594567,Right,0.5558563952808735,0.16309578569864763,0
969,O,0.5732850072781663,0.573196471493782,Left_Pinky,0.5929082244859126,0.5916350780219259,0.020607873494315088,0.03390777660419213,0.0531441401237594,24.593263246935756,Left,0.6609222339580787,0.21185415106266015,0
970,L,0.7081694794813631,0.6724038907714689,Right_Pinky,0.741420964720747,0.6863079851355539,-0.0341835023891812,0.049673906090637814,0.042451754696158896,17.776151501558665,Right,0.5032609390936218,0.17538155660384594,0
971,P,0.43028151414311266,0.9050814524656196,Right_Index,0.41877780884313265,0.8892569450898646,-0.008901532404140287,0.02149389560912748,0.02637568028733047,21.394548554343054,Right,0.7850610439087252,0.21063488137428926,0
972,P,0.37473671106951706,0.6108842285554248,Left_Pinky,0.37327073915548675,0.6034739063398283,0.01029932270987216,0.012772548581773978,0.05038695296252358,22.641225140185554,Left,0.8722745141822602,0.19727554729962057,1
973,D,0.5123179378387983,0.7067677826967526,Right_Middle,0.5307765251470493,0.6966576501195608,-0.03988766606009432,0.045099447112645616,0.03712532802897593,23.271228050440225,Right,0.5490055288735438,0.21467785970437325,0
974,O,0.4747817391911781,0.6367767993869996,Left_Index,0.4813966741637468,0.6483813062452156,0.02388120267912855,0.027363000301781813,0.04557022798417602,20.7710988700881,Left,0.7263699969821819,0.18091973266366948,1
975,A,0.5559346810623006,0.8055756064059181,Right_Pinky,0.5382678390037013,0.7999360172903316,0.01474999422696334,0.023695666342426095,0.038199546033842624,22.16137487710265,Right,0.7630433365757391,0.1557749164903167,0
976,J,0.6118956443517966,0.7706839766601374,Right_Thumb,0.5923527531571902,0.7943909206623544,0.017133739293276676,0.03517824345157739,0.0424950064659986,17.63911972166291,Right,0.6482175654842262,0.16759151511755338,1
977,Y,0.3977006890010528,0.725960005222523,Right_Thumb,0.38371958651476773,0.6930935062042518,-0.027053867873148243,0.04480613519762436,0.04005818584674156,23.444873730332812,Right,0.5519386480237565,0.14406207037057295,1
978,S,0.6782169725038136,0.6959752954786226,Right_Middle,0.697215526511134,0.6802858364053879,0.032620924902935736,0.04088066684757907,0.02476054462182661,19.202778398568675,Right,0.5911933315242093,0.1379265742670344,1
979,J,0.4879020126377045,0.7873453594839072,Left_Middle,0.47861176795296534,0.8048484312998129,0.019719924424639684,0.027956065327734834,0.03511275000196695,22.062455971775748,Left,0.7204393467226516,0.20955857685794022,0
980,E,0.5854286647846509,0.76619527155005,Right_Middle,0.5761080717890701,0.7567273970164873,-0.029040056597219366,0.031934918023102235,0.02951449897749628,22.729573247609487,Right,0.6806508197689777,0.14803411928523147,1
981,R,0.8337275380509841,0.6213736667601943,Right_Ring,0.8274138866938272,0.626316295861945,0.02577269063605138,0.026991171862644502,0.0461245655610506,24.1489538455198,Right,0.730088281373555,0.13176573255137486,1
982,S,0.4200359318175786,0.7947754681845766,Left_Ring,0.39878358114454016,0.8094586135254921,-0.015600727494427959,0.03017681004658456,0.037073313133373566,22.25056581454284,Left,0.6982318995341543,0.20178848685535733,0
983,G,0.49202057914374747,0.7904068600451041,Left_Ring,0.4986669896871606,0.828620908187842,-0.01863260333244903,0.04303094416244515,0.021085206525574343,23.667217095281714,Left,0.5696905583755485,0.20890497935301472,0
984,G,0.6580446398906532,0.7316203706466194,Left_Ring,0.6445183179261584,0.7173501688894726,-0.010021403139540565,0.022068723682216993,0.05376373223295977,22.88812243366555,Left,0.77931276317783,0.21471123094512595,0
985,E,0.43233583010612175,0.6393557676196119,Right_Pinky,0.418986881273971,0.6389001556516875,-0.010832683631408525,0.017197355955113604,0.02074626312473906,16.749866436192733,Right,0.828026440448864,0.20173305710354858,1
986,F,0.6540364149979376,0.7773945037534763,Right_Index,0.6302909570099134,0.779895012804559,0.04576197961829365,0.05161645182653193,0.026056019512263107,20.175481473632054,Right,0.4838354817346807,0.12233306610795569,0
987,R,0.40869000404389927,0.8266515347677696,Left_Middle,0.4252007730103697,0.8342916792917499,-0.02925415326262495,0.034449713835162946,0.05254428986281098,18.79019530881595,Left,0.6555028616483706,0.1224877379044565,0
988,O,0.5794497591120201,0.8194281173085136,Right_Ring,0.5980955641784232,0.847278041899055,-0.012243963609999811,0.03568191406239503,0.023555411182746656,15.237552757023241,Right,0.6431808593760497,0.17839004409907652,1
989,J,0.2664041415253146,0.7952189119529208,Right_Thumb,0.2857058788082788,0.7960438178277532,-0.0449772996169714,0.04895094496205072,0.04304732264604434,21.699643686493687,Right,0.5104905503794928,0.1731360545963794,0
990,J,0.5278124154550312,0.913615602230221,Left_Pinky,0.5115720410057288,0.9239485949429191,0.04239426156273572,0.04655957381789355,0.04424583370551491,22.201047511627323,Left,0.5344042618210645,0.19563699959508546,1
991,P,0.5165132805183503,0.8435978619314736,Right_Ring,0.5441909675038819,0.8517245241049305,0.014889249551622963,0.03246208168249629,0.04000929979442269,19.912057093785428,Right,0.6753791831750371,0.20296528356576898,0
992,J,0.28356380033619755,0.8147291763772649,Right_Thumb,0.31020373589928063,0.8471640643358826,0.006250799202737765,0.04243560550252877,0.024924750760354043,17.798615415559212,Right,0.5756439449747123,0.16118098538486567,0
993,L,0.7293148075448568,0.6992627707951492,Right_Thumb,0.7378928234070994,0.6849264959726608,-0.03284920949330764,0.03685351674201547,0.02914003064703957,19.55339142648964,Right,0.6314648325798453,0.20796080643981427,0
994,Space,0.4800398178524563,0.6538405644824742,Right_Ring,0.46343620487077875,0.6444860378705567,0.00257331954793414,0.019230421359767033,0.05706492971315938,24.028663616338072,Right,0.8076957864023296,0.19247214014920094,1
995,I,0.4605848581992231,0.6773527097495577,Right_Ring,0.47282317998798423,0.6774958563827721,-0.0312705121536882,0.033580380306331065,0.02949938561573486,18.262802222778348,Right,0.6641961969366894,0.14215560271546654,0
996,A,0.8601507072823473,0.7636124739011132,Right_Thumb,0.8668495941589467,0.7694482423043912,-0.02057884953960383,0.02241473458722691,0.044064360475097084,17.17194581946942,Right,0.7758526541277309,0.1672303813588293,1
997,P,0.3389370928389289,1.0,Right_Thumb,0.35408882781310275,0.9974921121526874,-0.012920906619405197,0.020070236721316703,0.0309770070940975,19.519914231786778,Right,0.799297632786833,0.16417408578582676,0
998,I,0.5585916554002643,0.7162016864999878,Left_Ring,0.5685496395513457,0.6674319473572314,-0.04082803751992501,0.06437839351936407,0.03941631910389744,17.319950353427902,Left,0.35621606480635926,0.1833967977561132,1
999,U,0.6266200463414822,0.6976305882569112,Left_Pinky,0.6484661994826186,0.6920942439369149,-0.02106791856468576,0.03085065166481533,0.04386641634792681,18.76546028605474,Left,0.6914934833518467,0.1439855994566984,1
1000,H,0.6490565048620354,0.5888065890356023,Right_Thumb,0.6613859558999728,0.5578069268077962,-0.042953544669909395,0.05438751162578474,0.04277308787142802,18.415829823817024,Right,0.45612488374215254,0.1449720750601522,0
